store,product,date,quantity
0,0,2021-01-01,6
0,0,2021-01-02,19
0,0,2021-01-03,14
0,0,2021-01-04,10
0,0,2021-01-05,7
0,0,2021-01-06,6
0,0,2021-01-07,18
0,0,2021-01-08,10
0,0,2021-01-09,10
0,0,2021-01-10,3
0,0,2021-01-11,7
0,0,2021-01-12,2
0,0,2021-01-13,1
0,0,2021-01-14,11
0,0,2021-01-15,5
0,0,2021-01-16,1
0,0,2021-01-17,0
0,0,2021-01-18,11
0,0,2021-01-19,11
0,0,2021-01-20,16
0,0,2021-01-21,9
0,0,2021-01-22,15
0,0,2021-01-23,14
0,0,2021-01-24,14
0,0,2021-01-25,18
0,0,2021-01-26,11
0,0,2021-01-27,19
0,0,2021-01-28,2
0,0,2021-01-29,4
0,0,2021-01-30,18
0,0,2021-01-31,6
0,0,2021-02-01,8
0,0,2021-02-02,6
0,0,2021-02-03,17
0,0,2021-02-04,3
0,0,2021-02-05,13
0,0,2021-02-06,17
0,0,2021-02-07,8
0,0,2021-02-08,1
0,0,2021-02-09,19
0,0,2021-02-10,14
0,0,2021-02-11,6
0,0,2021-02-12,11
0,0,2021-02-13,7
0,0,2021-02-14,14
0,0,2021-02-15,2
0,0,2021-02-16,13
0,0,2021-02-17,16
0,0,2021-02-18,3
0,0,2021-02-19,17
0,0,2021-02-20,7
0,0,2021-02-21,3
0,0,2021-02-22,1
0,0,2021-02-23,5
0,0,2021-02-24,9
0,0,2021-02-25,3
0,0,2021-02-26,17
0,0,2021-02-27,11
0,0,2021-02-28,1
0,0,2021-03-01,9
0,0,2021-03-02,3
0,0,2021-03-03,13
0,0,2021-03-04,15
0,0,2021-03-05,14
0,0,2021-03-06,7
0,0,2021-03-07,13
0,0,2021-03-08,7
0,0,2021-03-09,15
0,0,2021-03-10,12
0,0,2021-03-11,17
0,0,2021-03-12,14
0,0,2021-03-13,12
0,0,2021-03-14,8
0,0,2021-03-15,14
0,0,2021-03-16,12
0,0,2021-03-17,0
0,0,2021-03-18,6
0,0,2021-03-19,8
0,0,2021-03-20,0
0,0,2021-03-21,11
0,0,2021-03-22,7
0,0,2021-03-23,10
0,0,2021-03-24,18
0,0,2021-03-25,16
0,0,2021-03-26,7
0,0,2021-03-27,2
0,0,2021-03-28,2
0,0,2021-03-29,0
0,0,2021-03-30,4
0,0,2021-03-31,9
0,0,2021-04-01,6
0,0,2021-04-02,8
0,0,2021-04-03,6
0,0,2021-04-04,8
0,0,2021-04-05,7
0,0,2021-04-06,11
0,0,2021-04-07,1
0,0,2021-04-08,0
0,0,2021-04-09,15
0,0,2021-04-10,4
0,0,2021-04-11,2
0,0,2021-04-12,11
0,0,2021-04-13,7
0,0,2021-04-14,2
0,0,2021-04-15,0
0,0,2021-04-16,2
0,0,2021-04-17,4
0,0,2021-04-18,14
0,0,2021-04-19,13
0,0,2021-04-20,2
0,0,2021-04-21,0
0,0,2021-04-22,4
0,0,2021-04-23,13
0,0,2021-04-24,6
0,0,2021-04-25,8
0,0,2021-04-26,14
0,0,2021-04-27,14
0,0,2021-04-28,9
0,0,2021-04-29,12
0,0,2021-04-30,18
0,0,2021-05-01,6
0,0,2021-05-02,16
0,0,2021-05-03,19
0,0,2021-05-04,3
0,0,2021-05-05,4
0,0,2021-05-06,6
0,0,2021-05-07,12
0,0,2021-05-08,14
0,0,2021-05-09,10
0,0,2021-05-10,3
0,0,2021-05-11,12
0,0,2021-05-12,6
0,0,2021-05-13,18
0,0,2021-05-14,1
0,0,2021-05-15,9
0,0,2021-05-16,12
0,0,2021-05-17,5
0,0,2021-05-18,11
0,0,2021-05-19,11
0,0,2021-05-20,19
0,0,2021-05-21,10
0,0,2021-05-22,6
0,0,2021-05-23,0
0,0,2021-05-24,0
0,0,2021-05-25,19
0,0,2021-05-26,12
0,0,2021-05-27,8
0,0,2021-05-28,2
0,0,2021-05-29,6
0,0,2021-05-30,5
0,1,2021-01-01,7
0,1,2021-01-02,8
0,1,2021-01-03,4
0,1,2021-01-04,0
0,1,2021-01-05,18
0,1,2021-01-06,9
0,1,2021-01-07,11
0,1,2021-01-08,14
0,1,2021-01-09,8
0,1,2021-01-10,19
0,1,2021-01-11,16
0,1,2021-01-12,16
0,1,2021-01-13,19
0,1,2021-01-14,11
0,1,2021-01-15,6
0,1,2021-01-16,1
0,1,2021-01-17,2
0,1,2021-01-18,16
0,1,2021-01-19,4
0,1,2021-01-20,16
0,1,2021-01-21,16
0,1,2021-01-22,16
0,1,2021-01-23,1
0,1,2021-01-24,1
0,1,2021-01-25,4
0,1,2021-01-26,0
0,1,2021-01-27,0
0,1,2021-01-28,18
0,1,2021-01-29,1
0,1,2021-01-30,11
0,1,2021-01-31,5
0,1,2021-02-01,3
0,1,2021-02-02,10
0,1,2021-02-03,16
0,1,2021-02-04,5
0,1,2021-02-05,4
0,1,2021-02-06,19
0,1,2021-02-07,1
0,1,2021-02-08,5
0,1,2021-02-09,10
0,1,2021-02-10,15
0,1,2021-02-11,15
0,1,2021-02-12,0
0,1,2021-02-13,8
0,1,2021-02-14,5
0,1,2021-02-15,15
0,1,2021-02-16,2
0,1,2021-02-17,19
0,1,2021-02-18,3
0,1,2021-02-19,18
0,1,2021-02-20,2
0,1,2021-02-21,18
0,1,2021-02-22,19
0,1,2021-02-23,6
0,1,2021-02-24,19
0,1,2021-02-25,8
0,1,2021-02-26,0
0,1,2021-02-27,7
0,1,2021-02-28,6
0,1,2021-03-01,17
0,1,2021-03-02,7
0,1,2021-03-03,0
0,1,2021-03-04,10
0,1,2021-03-05,17
0,1,2021-03-06,9
0,1,2021-03-07,2
0,1,2021-03-08,6
0,1,2021-03-09,15
0,1,2021-03-10,15
0,1,2021-03-11,19
0,1,2021-03-12,16
0,1,2021-03-13,1
0,1,2021-03-14,0
0,1,2021-03-15,15
0,1,2021-03-16,11
0,1,2021-03-17,4
0,1,2021-03-18,4
0,1,2021-03-19,8
0,1,2021-03-20,8
0,1,2021-03-21,2
0,1,2021-03-22,18
0,1,2021-03-23,15
0,1,2021-03-24,15
0,1,2021-03-25,2
0,1,2021-03-26,19
0,1,2021-03-27,0
0,1,2021-03-28,19
0,1,2021-03-29,10
0,1,2021-03-30,16
0,1,2021-03-31,7
0,1,2021-04-01,3
0,1,2021-04-02,5
0,1,2021-04-03,7
0,1,2021-04-04,19
0,1,2021-04-05,2
0,1,2021-04-06,15
0,1,2021-04-07,2
0,1,2021-04-08,17
0,1,2021-04-09,13
0,1,2021-04-10,17
0,1,2021-04-11,1
0,1,2021-04-12,2
0,1,2021-04-13,15
0,1,2021-04-14,8
0,1,2021-04-15,3
0,1,2021-04-16,0
0,1,2021-04-17,3
0,1,2021-04-18,0
0,1,2021-04-19,13
0,1,2021-04-20,15
0,1,2021-04-21,19
0,1,2021-04-22,7
0,1,2021-04-23,6
0,1,2021-04-24,2
0,1,2021-04-25,16
0,1,2021-04-26,0
0,1,2021-04-27,15
0,1,2021-04-28,11
0,1,2021-04-29,18
0,1,2021-04-30,13
0,1,2021-05-01,5
0,1,2021-05-02,5
0,1,2021-05-03,12
0,1,2021-05-04,18
0,1,2021-05-05,7
0,1,2021-05-06,1
0,1,2021-05-07,0
0,1,2021-05-08,14
0,1,2021-05-09,0
0,1,2021-05-10,4
0,1,2021-05-11,15
0,1,2021-05-12,18
0,1,2021-05-13,3
0,1,2021-05-14,2
0,1,2021-05-15,16
0,1,2021-05-16,16
0,1,2021-05-17,11
0,1,2021-05-18,13
0,1,2021-05-19,5
0,1,2021-05-20,2
0,1,2021-05-21,8
0,1,2021-05-22,4
0,1,2021-05-23,16
0,1,2021-05-24,13
0,1,2021-05-25,2
0,1,2021-05-26,0
0,1,2021-05-27,19
0,1,2021-05-28,0
0,1,2021-05-29,2
0,1,2021-05-30,17
0,2,2021-01-01,9
0,2,2021-01-02,2
0,2,2021-01-03,7
0,2,2021-01-04,13
0,2,2021-01-05,17
0,2,2021-01-06,14
0,2,2021-01-07,1
0,2,2021-01-08,9
0,2,2021-01-09,1
0,2,2021-01-10,16
0,2,2021-01-11,7
0,2,2021-01-12,0
0,2,2021-01-13,8
0,2,2021-01-14,10
0,2,2021-01-15,15
0,2,2021-01-16,6
0,2,2021-01-17,9
0,2,2021-01-18,2
0,2,2021-01-19,17
0,2,2021-01-20,12
0,2,2021-01-21,6
0,2,2021-01-22,3
0,2,2021-01-23,12
0,2,2021-01-24,19
0,2,2021-01-25,0
0,2,2021-01-26,7
0,2,2021-01-27,13
0,2,2021-01-28,15
0,2,2021-01-29,13
0,2,2021-01-30,11
0,2,2021-01-31,18
0,2,2021-02-01,14
0,2,2021-02-02,1
0,2,2021-02-03,1
0,2,2021-02-04,18
0,2,2021-02-05,16
0,2,2021-02-06,19
0,2,2021-02-07,9
0,2,2021-02-08,5
0,2,2021-02-09,14
0,2,2021-02-10,10
0,2,2021-02-11,4
0,2,2021-02-12,0
0,2,2021-02-13,7
0,2,2021-02-14,11
0,2,2021-02-15,11
0,2,2021-02-16,4
0,2,2021-02-17,6
0,2,2021-02-18,3
0,2,2021-02-19,5
0,2,2021-02-20,12
0,2,2021-02-21,19
0,2,2021-02-22,14
0,2,2021-02-23,2
0,2,2021-02-24,7
0,2,2021-02-25,19
0,2,2021-02-26,15
0,2,2021-02-27,12
0,2,2021-02-28,17
0,2,2021-03-01,9
0,2,2021-03-02,18
0,2,2021-03-03,16
0,2,2021-03-04,18
0,2,2021-03-05,4
0,2,2021-03-06,8
0,2,2021-03-07,11
0,2,2021-03-08,0
0,2,2021-03-09,0
0,2,2021-03-10,14
0,2,2021-03-11,1
0,2,2021-03-12,15
0,2,2021-03-13,7
0,2,2021-03-14,12
0,2,2021-03-15,0
0,2,2021-03-16,15
0,2,2021-03-17,6
0,2,2021-03-18,4
0,2,2021-03-19,2
0,2,2021-03-20,11
0,2,2021-03-21,15
0,2,2021-03-22,18
0,2,2021-03-23,4
0,2,2021-03-24,13
0,2,2021-03-25,4
0,2,2021-03-26,14
0,2,2021-03-27,16
0,2,2021-03-28,13
0,2,2021-03-29,19
0,2,2021-03-30,4
0,2,2021-03-31,11
0,2,2021-04-01,15
0,2,2021-04-02,15
0,2,2021-04-03,6
0,2,2021-04-04,3
0,2,2021-04-05,0
0,2,2021-04-06,4
0,2,2021-04-07,9
0,2,2021-04-08,4
0,2,2021-04-09,3
0,2,2021-04-10,1
0,2,2021-04-11,19
0,2,2021-04-12,9
0,2,2021-04-13,18
0,2,2021-04-14,0
0,2,2021-04-15,4
0,2,2021-04-16,12
0,2,2021-04-17,3
0,2,2021-04-18,15
0,2,2021-04-19,15
0,2,2021-04-20,1
0,2,2021-04-21,16
0,2,2021-04-22,19
0,2,2021-04-23,11
0,2,2021-04-24,17
0,2,2021-04-25,2
0,2,2021-04-26,0
0,2,2021-04-27,0
0,2,2021-04-28,18
0,2,2021-04-29,10
0,2,2021-04-30,4
0,2,2021-05-01,11
0,2,2021-05-02,2
0,2,2021-05-03,0
0,2,2021-05-04,0
0,2,2021-05-05,7
0,2,2021-05-06,9
0,2,2021-05-07,10
0,2,2021-05-08,11
0,2,2021-05-09,12
0,2,2021-05-10,11
0,2,2021-05-11,13
0,2,2021-05-12,1
0,2,2021-05-13,18
0,2,2021-05-14,17
0,2,2021-05-15,2
0,2,2021-05-16,16
0,2,2021-05-17,7
0,2,2021-05-18,9
0,2,2021-05-19,1
0,2,2021-05-20,18
0,2,2021-05-21,8
0,2,2021-05-22,6
0,2,2021-05-23,3
0,2,2021-05-24,17
0,2,2021-05-25,12
0,2,2021-05-26,10
0,2,2021-05-27,3
0,2,2021-05-28,3
0,2,2021-05-29,9
0,2,2021-05-30,4
0,3,2021-01-01,8
0,3,2021-01-02,2
0,3,2021-01-03,16
0,3,2021-01-04,2
0,3,2021-01-05,15
0,3,2021-01-06,3
0,3,2021-01-07,17
0,3,2021-01-08,16
0,3,2021-01-09,6
0,3,2021-01-10,4
0,3,2021-01-11,11
0,3,2021-01-12,16
0,3,2021-01-13,12
0,3,2021-01-14,2
0,3,2021-01-15,8
0,3,2021-01-16,16
0,3,2021-01-17,16
0,3,2021-01-18,19
0,3,2021-01-19,15
0,3,2021-01-20,12
0,3,2021-01-21,18
0,3,2021-01-22,16
0,3,2021-01-23,3
0,3,2021-01-24,11
0,3,2021-01-25,8
0,3,2021-01-26,18
0,3,2021-01-27,11
0,3,2021-01-28,8
0,3,2021-01-29,6
0,3,2021-01-30,13
0,3,2021-01-31,19
0,3,2021-02-01,18
0,3,2021-02-02,14
0,3,2021-02-03,15
0,3,2021-02-04,4
0,3,2021-02-05,2
0,3,2021-02-06,11
0,3,2021-02-07,19
0,3,2021-02-08,3
0,3,2021-02-09,15
0,3,2021-02-10,6
0,3,2021-02-11,12
0,3,2021-02-12,9
0,3,2021-02-13,6
0,3,2021-02-14,13
0,3,2021-02-15,4
0,3,2021-02-16,2
0,3,2021-02-17,10
0,3,2021-02-18,10
0,3,2021-02-19,17
0,3,2021-02-20,14
0,3,2021-02-21,11
0,3,2021-02-22,8
0,3,2021-02-23,9
0,3,2021-02-24,11
0,3,2021-02-25,16
0,3,2021-02-26,5
0,3,2021-02-27,6
0,3,2021-02-28,13
0,3,2021-03-01,12
0,3,2021-03-02,7
0,3,2021-03-03,9
0,3,2021-03-04,8
0,3,2021-03-05,17
0,3,2021-03-06,1
0,3,2021-03-07,4
0,3,2021-03-08,4
0,3,2021-03-09,5
0,3,2021-03-10,18
0,3,2021-03-11,7
0,3,2021-03-12,15
0,3,2021-03-13,12
0,3,2021-03-14,0
0,3,2021-03-15,19
0,3,2021-03-16,16
0,3,2021-03-17,6
0,3,2021-03-18,12
0,3,2021-03-19,3
0,3,2021-03-20,3
0,3,2021-03-21,5
0,3,2021-03-22,18
0,3,2021-03-23,11
0,3,2021-03-24,6
0,3,2021-03-25,9
0,3,2021-03-26,18
0,3,2021-03-27,6
0,3,2021-03-28,2
0,3,2021-03-29,12
0,3,2021-03-30,12
0,3,2021-03-31,17
0,3,2021-04-01,19
0,3,2021-04-02,7
0,3,2021-04-03,8
0,3,2021-04-04,6
0,3,2021-04-05,0
0,3,2021-04-06,2
0,3,2021-04-07,12
0,3,2021-04-08,16
0,3,2021-04-09,0
0,3,2021-04-10,5
0,3,2021-04-11,5
0,3,2021-04-12,11
0,3,2021-04-13,12
0,3,2021-04-14,12
0,3,2021-04-15,14
0,3,2021-04-16,15
0,3,2021-04-17,10
0,3,2021-04-18,4
0,3,2021-04-19,3
0,3,2021-04-20,2
0,3,2021-04-21,18
0,3,2021-04-22,19
0,3,2021-04-23,17
0,3,2021-04-24,14
0,3,2021-04-25,8
0,3,2021-04-26,16
0,3,2021-04-27,13
0,3,2021-04-28,14
0,3,2021-04-29,0
0,3,2021-04-30,2
0,3,2021-05-01,15
0,3,2021-05-02,10
0,3,2021-05-03,11
0,3,2021-05-04,9
0,3,2021-05-05,15
0,3,2021-05-06,7
0,3,2021-05-07,5
0,3,2021-05-08,11
0,3,2021-05-09,7
0,3,2021-05-10,3
0,3,2021-05-11,7
0,3,2021-05-12,17
0,3,2021-05-13,4
0,3,2021-05-14,8
0,3,2021-05-15,3
0,3,2021-05-16,16
0,3,2021-05-17,8
0,3,2021-05-18,0
0,3,2021-05-19,19
0,3,2021-05-20,12
0,3,2021-05-21,15
0,3,2021-05-22,12
0,3,2021-05-23,13
0,3,2021-05-24,2
0,3,2021-05-25,5
0,3,2021-05-26,17
0,3,2021-05-27,18
0,3,2021-05-28,4
0,3,2021-05-29,14
0,3,2021-05-30,1
0,4,2021-01-01,9
0,4,2021-01-02,17
0,4,2021-01-03,12
0,4,2021-01-04,4
0,4,2021-01-05,0
0,4,2021-01-06,0
0,4,2021-01-07,17
0,4,2021-01-08,14
0,4,2021-01-09,16
0,4,2021-01-10,10
0,4,2021-01-11,16
0,4,2021-01-12,12
0,4,2021-01-13,0
0,4,2021-01-14,1
0,4,2021-01-15,8
0,4,2021-01-16,2
0,4,2021-01-17,0
0,4,2021-01-18,15
0,4,2021-01-19,5
0,4,2021-01-20,16
0,4,2021-01-21,4
0,4,2021-01-22,4
0,4,2021-01-23,5
0,4,2021-01-24,2
0,4,2021-01-25,4
0,4,2021-01-26,4
0,4,2021-01-27,9
0,4,2021-01-28,9
0,4,2021-01-29,18
0,4,2021-01-30,16
0,4,2021-01-31,13
0,4,2021-02-01,8
0,4,2021-02-02,13
0,4,2021-02-03,0
0,4,2021-02-04,18
0,4,2021-02-05,12
0,4,2021-02-06,12
0,4,2021-02-07,3
0,4,2021-02-08,0
0,4,2021-02-09,16
0,4,2021-02-10,7
0,4,2021-02-11,1
0,4,2021-02-12,7
0,4,2021-02-13,6
0,4,2021-02-14,1
0,4,2021-02-15,2
0,4,2021-02-16,17
0,4,2021-02-17,11
0,4,2021-02-18,0
0,4,2021-02-19,11
0,4,2021-02-20,4
0,4,2021-02-21,16
0,4,2021-02-22,15
0,4,2021-02-23,14
0,4,2021-02-24,14
0,4,2021-02-25,4
0,4,2021-02-26,13
0,4,2021-02-27,1
0,4,2021-02-28,10
0,4,2021-03-01,18
0,4,2021-03-02,6
0,4,2021-03-03,5
0,4,2021-03-04,1
0,4,2021-03-05,5
0,4,2021-03-06,17
0,4,2021-03-07,1
0,4,2021-03-08,17
0,4,2021-03-09,14
0,4,2021-03-10,18
0,4,2021-03-11,1
0,4,2021-03-12,19
0,4,2021-03-13,5
0,4,2021-03-14,0
0,4,2021-03-15,14
0,4,2021-03-16,9
0,4,2021-03-17,18
0,4,2021-03-18,16
0,4,2021-03-19,4
0,4,2021-03-20,3
0,4,2021-03-21,9
0,4,2021-03-22,16
0,4,2021-03-23,9
0,4,2021-03-24,16
0,4,2021-03-25,19
0,4,2021-03-26,4
0,4,2021-03-27,1
0,4,2021-03-28,5
0,4,2021-03-29,1
0,4,2021-03-30,12
0,4,2021-03-31,10
0,4,2021-04-01,10
0,4,2021-04-02,15
0,4,2021-04-03,10
0,4,2021-04-04,18
0,4,2021-04-05,14
0,4,2021-04-06,15
0,4,2021-04-07,10
0,4,2021-04-08,15
0,4,2021-04-09,7
0,4,2021-04-10,3
0,4,2021-04-11,7
0,4,2021-04-12,3
0,4,2021-04-13,2
0,4,2021-04-14,2
0,4,2021-04-15,17
0,4,2021-04-16,18
0,4,2021-04-17,18
0,4,2021-04-18,4
0,4,2021-04-19,17
0,4,2021-04-20,9
0,4,2021-04-21,5
0,4,2021-04-22,0
0,4,2021-04-23,4
0,4,2021-04-24,8
0,4,2021-04-25,11
0,4,2021-04-26,13
0,4,2021-04-27,1
0,4,2021-04-28,16
0,4,2021-04-29,13
0,4,2021-04-30,12
0,4,2021-05-01,8
0,4,2021-05-02,14
0,4,2021-05-03,14
0,4,2021-05-04,10
0,4,2021-05-05,15
0,4,2021-05-06,16
0,4,2021-05-07,3
0,4,2021-05-08,0
0,4,2021-05-09,7
0,4,2021-05-10,16
0,4,2021-05-11,2
0,4,2021-05-12,19
0,4,2021-05-13,14
0,4,2021-05-14,14
0,4,2021-05-15,13
0,4,2021-05-16,13
0,4,2021-05-17,1
0,4,2021-05-18,12
0,4,2021-05-19,13
0,4,2021-05-20,18
0,4,2021-05-21,6
0,4,2021-05-22,2
0,4,2021-05-23,14
0,4,2021-05-24,13
0,4,2021-05-25,10
0,4,2021-05-26,14
0,4,2021-05-27,12
0,4,2021-05-28,17
0,4,2021-05-29,5
0,4,2021-05-30,2
1,0,2021-01-01,18
1,0,2021-01-02,14
1,0,2021-01-03,4
1,0,2021-01-04,9
1,0,2021-01-05,6
1,0,2021-01-06,16
1,0,2021-01-07,6
1,0,2021-01-08,11
1,0,2021-01-09,16
1,0,2021-01-10,12
1,0,2021-01-11,19
1,0,2021-01-12,3
1,0,2021-01-13,9
1,0,2021-01-14,2
1,0,2021-01-15,8
1,0,2021-01-16,12
1,0,2021-01-17,17
1,0,2021-01-18,14
1,0,2021-01-19,3
1,0,2021-01-20,14
1,0,2021-01-21,1
1,0,2021-01-22,14
1,0,2021-01-23,7
1,0,2021-01-24,7
1,0,2021-01-25,16
1,0,2021-01-26,11
1,0,2021-01-27,18
1,0,2021-01-28,9
1,0,2021-01-29,8
1,0,2021-01-30,4
1,0,2021-01-31,5
1,0,2021-02-01,19
1,0,2021-02-02,1
1,0,2021-02-03,12
1,0,2021-02-04,5
1,0,2021-02-05,4
1,0,2021-02-06,0
1,0,2021-02-07,5
1,0,2021-02-08,5
1,0,2021-02-09,15
1,0,2021-02-10,3
1,0,2021-02-11,10
1,0,2021-02-12,8
1,0,2021-02-13,2
1,0,2021-02-14,18
1,0,2021-02-15,7
1,0,2021-02-16,4
1,0,2021-02-17,3
1,0,2021-02-18,5
1,0,2021-02-19,1
1,0,2021-02-20,19
1,0,2021-02-21,10
1,0,2021-02-22,3
1,0,2021-02-23,14
1,0,2021-02-24,5
1,0,2021-02-25,16
1,0,2021-02-26,5
1,0,2021-02-27,18
1,0,2021-02-28,1
1,0,2021-03-01,14
1,0,2021-03-02,10
1,0,2021-03-03,7
1,0,2021-03-04,18
1,0,2021-03-05,12
1,0,2021-03-06,11
1,0,2021-03-07,4
1,0,2021-03-08,5
1,0,2021-03-09,3
1,0,2021-03-10,18
1,0,2021-03-11,19
1,0,2021-03-12,0
1,0,2021-03-13,19
1,0,2021-03-14,16
1,0,2021-03-15,11
1,0,2021-03-16,14
1,0,2021-03-17,0
1,0,2021-03-18,13
1,0,2021-03-19,5
1,0,2021-03-20,4
1,0,2021-03-21,10
1,0,2021-03-22,3
1,0,2021-03-23,12
1,0,2021-03-24,10
1,0,2021-03-25,2
1,0,2021-03-26,0
1,0,2021-03-27,5
1,0,2021-03-28,17
1,0,2021-03-29,9
1,0,2021-03-30,4
1,0,2021-03-31,9
1,0,2021-04-01,11
1,0,2021-04-02,1
1,0,2021-04-03,12
1,0,2021-04-04,7
1,0,2021-04-05,1
1,0,2021-04-06,19
1,0,2021-04-07,0
1,0,2021-04-08,4
1,0,2021-04-09,8
1,0,2021-04-10,16
1,0,2021-04-11,8
1,0,2021-04-12,10
1,0,2021-04-13,14
1,0,2021-04-14,5
1,0,2021-04-15,2
1,0,2021-04-16,16
1,0,2021-04-17,4
1,0,2021-04-18,11
1,0,2021-04-19,17
1,0,2021-04-20,13
1,0,2021-04-21,10
1,0,2021-04-22,8
1,0,2021-04-23,1
1,0,2021-04-24,11
1,0,2021-04-25,2
1,0,2021-04-26,2
1,0,2021-04-27,0
1,0,2021-04-28,7
1,0,2021-04-29,7
1,0,2021-04-30,10
1,0,2021-05-01,8
1,0,2021-05-02,4
1,0,2021-05-03,13
1,0,2021-05-04,2
1,0,2021-05-05,4
1,0,2021-05-06,4
1,0,2021-05-07,18
1,0,2021-05-08,13
1,0,2021-05-09,3
1,0,2021-05-10,12
1,0,2021-05-11,9
1,0,2021-05-12,17
1,0,2021-05-13,7
1,0,2021-05-14,7
1,0,2021-05-15,6
1,0,2021-05-16,7
1,0,2021-05-17,13
1,0,2021-05-18,18
1,0,2021-05-19,5
1,0,2021-05-20,0
1,0,2021-05-21,14
1,0,2021-05-22,0
1,0,2021-05-23,16
1,0,2021-05-24,0
1,0,2021-05-25,14
1,0,2021-05-26,1
1,0,2021-05-27,13
1,0,2021-05-28,7
1,0,2021-05-29,7
1,0,2021-05-30,18
1,1,2021-01-01,6
1,1,2021-01-02,18
1,1,2021-01-03,5
1,1,2021-01-04,5
1,1,2021-01-05,2
1,1,2021-01-06,6
1,1,2021-01-07,18
1,1,2021-01-08,7
1,1,2021-01-09,9
1,1,2021-01-10,19
1,1,2021-01-11,14
1,1,2021-01-12,14
1,1,2021-01-13,0
1,1,2021-01-14,19
1,1,2021-01-15,6
1,1,2021-01-16,3
1,1,2021-01-17,5
1,1,2021-01-18,0
1,1,2021-01-19,4
1,1,2021-01-20,0
1,1,2021-01-21,3
1,1,2021-01-22,1
1,1,2021-01-23,9
1,1,2021-01-24,4
1,1,2021-01-25,9
1,1,2021-01-26,0
1,1,2021-01-27,5
1,1,2021-01-28,12
1,1,2021-01-29,14
1,1,2021-01-30,3
1,1,2021-01-31,12
1,1,2021-02-01,19
1,1,2021-02-02,14
1,1,2021-02-03,7
1,1,2021-02-04,4
1,1,2021-02-05,14
1,1,2021-02-06,3
1,1,2021-02-07,11
1,1,2021-02-08,12
1,1,2021-02-09,1
1,1,2021-02-10,18
1,1,2021-02-11,18
1,1,2021-02-12,3
1,1,2021-02-13,3
1,1,2021-02-14,10
1,1,2021-02-15,4
1,1,2021-02-16,19
1,1,2021-02-17,10
1,1,2021-02-18,9
1,1,2021-02-19,7
1,1,2021-02-20,5
1,1,2021-02-21,5
1,1,2021-02-22,7
1,1,2021-02-23,14
1,1,2021-02-24,13
1,1,2021-02-25,10
1,1,2021-02-26,11
1,1,2021-02-27,12
1,1,2021-02-28,7
1,1,2021-03-01,17
1,1,2021-03-02,0
1,1,2021-03-03,14
1,1,2021-03-04,7
1,1,2021-03-05,10
1,1,2021-03-06,11
1,1,2021-03-07,11
1,1,2021-03-08,3
1,1,2021-03-09,15
1,1,2021-03-10,3
1,1,2021-03-11,4
1,1,2021-03-12,4
1,1,2021-03-13,7
1,1,2021-03-14,9
1,1,2021-03-15,16
1,1,2021-03-16,8
1,1,2021-03-17,18
1,1,2021-03-18,13
1,1,2021-03-19,7
1,1,2021-03-20,8
1,1,2021-03-21,10
1,1,2021-03-22,0
1,1,2021-03-23,13
1,1,2021-03-24,4
1,1,2021-03-25,13
1,1,2021-03-26,3
1,1,2021-03-27,0
1,1,2021-03-28,18
1,1,2021-03-29,7
1,1,2021-03-30,14
1,1,2021-03-31,14
1,1,2021-04-01,8
1,1,2021-04-02,8
1,1,2021-04-03,9
1,1,2021-04-04,19
1,1,2021-04-05,8
1,1,2021-04-06,2
1,1,2021-04-07,19
1,1,2021-04-08,10
1,1,2021-04-09,5
1,1,2021-04-10,1
1,1,2021-04-11,6
1,1,2021-04-12,17
1,1,2021-04-13,1
1,1,2021-04-14,16
1,1,2021-04-15,10
1,1,2021-04-16,11
1,1,2021-04-17,18
1,1,2021-04-18,6
1,1,2021-04-19,19
1,1,2021-04-20,5
1,1,2021-04-21,0
1,1,2021-04-22,16
1,1,2021-04-23,10
1,1,2021-04-24,17
1,1,2021-04-25,16
1,1,2021-04-26,6
1,1,2021-04-27,16
1,1,2021-04-28,19
1,1,2021-04-29,8
1,1,2021-04-30,16
1,1,2021-05-01,19
1,1,2021-05-02,7
1,1,2021-05-03,16
1,1,2021-05-04,6
1,1,2021-05-05,0
1,1,2021-05-06,12
1,1,2021-05-07,18
1,1,2021-05-08,18
1,1,2021-05-09,16
1,1,2021-05-10,12
1,1,2021-05-11,15
1,1,2021-05-12,7
1,1,2021-05-13,18
1,1,2021-05-14,17
1,1,2021-05-15,0
1,1,2021-05-16,13
1,1,2021-05-17,18
1,1,2021-05-18,14
1,1,2021-05-19,17
1,1,2021-05-20,1
1,1,2021-05-21,16
1,1,2021-05-22,17
1,1,2021-05-23,5
1,1,2021-05-24,18
1,1,2021-05-25,3
1,1,2021-05-26,0
1,1,2021-05-27,7
1,1,2021-05-28,6
1,1,2021-05-29,2
1,1,2021-05-30,9
1,2,2021-01-01,9
1,2,2021-01-02,18
1,2,2021-01-03,13
1,2,2021-01-04,1
1,2,2021-01-05,0
1,2,2021-01-06,17
1,2,2021-01-07,6
1,2,2021-01-08,7
1,2,2021-01-09,0
1,2,2021-01-10,2
1,2,2021-01-11,7
1,2,2021-01-12,14
1,2,2021-01-13,4
1,2,2021-01-14,2
1,2,2021-01-15,18
1,2,2021-01-16,0
1,2,2021-01-17,14
1,2,2021-01-18,7
1,2,2021-01-19,1
1,2,2021-01-20,2
1,2,2021-01-21,13
1,2,2021-01-22,13
1,2,2021-01-23,10
1,2,2021-01-24,15
1,2,2021-01-25,3
1,2,2021-01-26,19
1,2,2021-01-27,4
1,2,2021-01-28,13
1,2,2021-01-29,15
1,2,2021-01-30,17
1,2,2021-01-31,6
1,2,2021-02-01,9
1,2,2021-02-02,6
1,2,2021-02-03,0
1,2,2021-02-04,18
1,2,2021-02-05,15
1,2,2021-02-06,18
1,2,2021-02-07,3
1,2,2021-02-08,17
1,2,2021-02-09,1
1,2,2021-02-10,0
1,2,2021-02-11,14
1,2,2021-02-12,4
1,2,2021-02-13,19
1,2,2021-02-14,10
1,2,2021-02-15,9
1,2,2021-02-16,1
1,2,2021-02-17,2
1,2,2021-02-18,11
1,2,2021-02-19,19
1,2,2021-02-20,4
1,2,2021-02-21,4
1,2,2021-02-22,5
1,2,2021-02-23,8
1,2,2021-02-24,1
1,2,2021-02-25,11
1,2,2021-02-26,2
1,2,2021-02-27,19
1,2,2021-02-28,11
1,2,2021-03-01,16
1,2,2021-03-02,9
1,2,2021-03-03,13
1,2,2021-03-04,16
1,2,2021-03-05,17
1,2,2021-03-06,18
1,2,2021-03-07,16
1,2,2021-03-08,13
1,2,2021-03-09,8
1,2,2021-03-10,7
1,2,2021-03-11,1
1,2,2021-03-12,12
1,2,2021-03-13,6
1,2,2021-03-14,8
1,2,2021-03-15,10
1,2,2021-03-16,13
1,2,2021-03-17,3
1,2,2021-03-18,12
1,2,2021-03-19,1
1,2,2021-03-20,4
1,2,2021-03-21,10
1,2,2021-03-22,5
1,2,2021-03-23,17
1,2,2021-03-24,9
1,2,2021-03-25,3
1,2,2021-03-26,8
1,2,2021-03-27,5
1,2,2021-03-28,1
1,2,2021-03-29,16
1,2,2021-03-30,4
1,2,2021-03-31,5
1,2,2021-04-01,11
1,2,2021-04-02,9
1,2,2021-04-03,5
1,2,2021-04-04,7
1,2,2021-04-05,1
1,2,2021-04-06,11
1,2,2021-04-07,12
1,2,2021-04-08,6
1,2,2021-04-09,9
1,2,2021-04-10,12
1,2,2021-04-11,16
1,2,2021-04-12,13
1,2,2021-04-13,1
1,2,2021-04-14,10
1,2,2021-04-15,0
1,2,2021-04-16,18
1,2,2021-04-17,3
1,2,2021-04-18,18
1,2,2021-04-19,10
1,2,2021-04-20,7
1,2,2021-04-21,10
1,2,2021-04-22,3
1,2,2021-04-23,16
1,2,2021-04-24,6
1,2,2021-04-25,7
1,2,2021-04-26,2
1,2,2021-04-27,1
1,2,2021-04-28,14
1,2,2021-04-29,4
1,2,2021-04-30,0
1,2,2021-05-01,3
1,2,2021-05-02,14
1,2,2021-05-03,19
1,2,2021-05-04,18
1,2,2021-05-05,2
1,2,2021-05-06,19
1,2,2021-05-07,10
1,2,2021-05-08,16
1,2,2021-05-09,12
1,2,2021-05-10,10
1,2,2021-05-11,1
1,2,2021-05-12,8
1,2,2021-05-13,1
1,2,2021-05-14,8
1,2,2021-05-15,8
1,2,2021-05-16,7
1,2,2021-05-17,16
1,2,2021-05-18,0
1,2,2021-05-19,10
1,2,2021-05-20,7
1,2,2021-05-21,9
1,2,2021-05-22,6
1,2,2021-05-23,2
1,2,2021-05-24,2
1,2,2021-05-25,17
1,2,2021-05-26,4
1,2,2021-05-27,11
1,2,2021-05-28,11
1,2,2021-05-29,18
1,2,2021-05-30,5
1,3,2021-01-01,1
1,3,2021-01-02,11
1,3,2021-01-03,18
1,3,2021-01-04,4
1,3,2021-01-05,11
1,3,2021-01-06,16
1,3,2021-01-07,16
1,3,2021-01-08,9
1,3,2021-01-09,16
1,3,2021-01-10,14
1,3,2021-01-11,11
1,3,2021-01-12,15
1,3,2021-01-13,18
1,3,2021-01-14,7
1,3,2021-01-15,16
1,3,2021-01-16,4
1,3,2021-01-17,15
1,3,2021-01-18,5
1,3,2021-01-19,7
1,3,2021-01-20,17
1,3,2021-01-21,11
1,3,2021-01-22,14
1,3,2021-01-23,8
1,3,2021-01-24,12
1,3,2021-01-25,14
1,3,2021-01-26,9
1,3,2021-01-27,15
1,3,2021-01-28,6
1,3,2021-01-29,16
1,3,2021-01-30,6
1,3,2021-01-31,13
1,3,2021-02-01,14
1,3,2021-02-02,6
1,3,2021-02-03,8
1,3,2021-02-04,18
1,3,2021-02-05,15
1,3,2021-02-06,7
1,3,2021-02-07,17
1,3,2021-02-08,17
1,3,2021-02-09,19
1,3,2021-02-10,6
1,3,2021-02-11,2
1,3,2021-02-12,17
1,3,2021-02-13,9
1,3,2021-02-14,6
1,3,2021-02-15,16
1,3,2021-02-16,13
1,3,2021-02-17,2
1,3,2021-02-18,11
1,3,2021-02-19,12
1,3,2021-02-20,1
1,3,2021-02-21,2
1,3,2021-02-22,4
1,3,2021-02-23,10
1,3,2021-02-24,7
1,3,2021-02-25,11
1,3,2021-02-26,6
1,3,2021-02-27,14
1,3,2021-02-28,16
1,3,2021-03-01,3
1,3,2021-03-02,12
1,3,2021-03-03,17
1,3,2021-03-04,0
1,3,2021-03-05,15
1,3,2021-03-06,12
1,3,2021-03-07,9
1,3,2021-03-08,11
1,3,2021-03-09,1
1,3,2021-03-10,2
1,3,2021-03-11,9
1,3,2021-03-12,1
1,3,2021-03-13,12
1,3,2021-03-14,12
1,3,2021-03-15,17
1,3,2021-03-16,2
1,3,2021-03-17,6
1,3,2021-03-18,13
1,3,2021-03-19,19
1,3,2021-03-20,16
1,3,2021-03-21,11
1,3,2021-03-22,15
1,3,2021-03-23,11
1,3,2021-03-24,14
1,3,2021-03-25,9
1,3,2021-03-26,6
1,3,2021-03-27,19
1,3,2021-03-28,4
1,3,2021-03-29,0
1,3,2021-03-30,16
1,3,2021-03-31,2
1,3,2021-04-01,12
1,3,2021-04-02,13
1,3,2021-04-03,17
1,3,2021-04-04,3
1,3,2021-04-05,17
1,3,2021-04-06,4
1,3,2021-04-07,15
1,3,2021-04-08,0
1,3,2021-04-09,13
1,3,2021-04-10,14
1,3,2021-04-11,8
1,3,2021-04-12,14
1,3,2021-04-13,16
1,3,2021-04-14,3
1,3,2021-04-15,11
1,3,2021-04-16,4
1,3,2021-04-17,4
1,3,2021-04-18,10
1,3,2021-04-19,5
1,3,2021-04-20,6
1,3,2021-04-21,13
1,3,2021-04-22,10
1,3,2021-04-23,12
1,3,2021-04-24,1
1,3,2021-04-25,6
1,3,2021-04-26,19
1,3,2021-04-27,3
1,3,2021-04-28,7
1,3,2021-04-29,19
1,3,2021-04-30,18
1,3,2021-05-01,12
1,3,2021-05-02,13
1,3,2021-05-03,9
1,3,2021-05-04,10
1,3,2021-05-05,1
1,3,2021-05-06,8
1,3,2021-05-07,16
1,3,2021-05-08,2
1,3,2021-05-09,5
1,3,2021-05-10,4
1,3,2021-05-11,4
1,3,2021-05-12,14
1,3,2021-05-13,16
1,3,2021-05-14,8
1,3,2021-05-15,2
1,3,2021-05-16,19
1,3,2021-05-17,16
1,3,2021-05-18,9
1,3,2021-05-19,2
1,3,2021-05-20,17
1,3,2021-05-21,17
1,3,2021-05-22,16
1,3,2021-05-23,2
1,3,2021-05-24,2
1,3,2021-05-25,5
1,3,2021-05-26,12
1,3,2021-05-27,14
1,3,2021-05-28,8
1,3,2021-05-29,3
1,3,2021-05-30,13
1,4,2021-01-01,4
1,4,2021-01-02,1
1,4,2021-01-03,10
1,4,2021-01-04,8
1,4,2021-01-05,2
1,4,2021-01-06,8
1,4,2021-01-07,2
1,4,2021-01-08,1
1,4,2021-01-09,11
1,4,2021-01-10,9
1,4,2021-01-11,8
1,4,2021-01-12,14
1,4,2021-01-13,7
1,4,2021-01-14,4
1,4,2021-01-15,10
1,4,2021-01-16,1
1,4,2021-01-17,14
1,4,2021-01-18,5
1,4,2021-01-19,7
1,4,2021-01-20,4
1,4,2021-01-21,15
1,4,2021-01-22,17
1,4,2021-01-23,5
1,4,2021-01-24,4
1,4,2021-01-25,15
1,4,2021-01-26,12
1,4,2021-01-27,4
1,4,2021-01-28,12
1,4,2021-01-29,16
1,4,2021-01-30,17
1,4,2021-01-31,7
1,4,2021-02-01,12
1,4,2021-02-02,18
1,4,2021-02-03,2
1,4,2021-02-04,7
1,4,2021-02-05,1
1,4,2021-02-06,7
1,4,2021-02-07,12
1,4,2021-02-08,12
1,4,2021-02-09,0
1,4,2021-02-10,5
1,4,2021-02-11,18
1,4,2021-02-12,15
1,4,2021-02-13,7
1,4,2021-02-14,0
1,4,2021-02-15,15
1,4,2021-02-16,8
1,4,2021-02-17,12
1,4,2021-02-18,10
1,4,2021-02-19,12
1,4,2021-02-20,9
1,4,2021-02-21,3
1,4,2021-02-22,5
1,4,2021-02-23,6
1,4,2021-02-24,4
1,4,2021-02-25,10
1,4,2021-02-26,12
1,4,2021-02-27,18
1,4,2021-02-28,9
1,4,2021-03-01,9
1,4,2021-03-02,10
1,4,2021-03-03,6
1,4,2021-03-04,17
1,4,2021-03-05,3
1,4,2021-03-06,1
1,4,2021-03-07,13
1,4,2021-03-08,12
1,4,2021-03-09,11
1,4,2021-03-10,6
1,4,2021-03-11,1
1,4,2021-03-12,12
1,4,2021-03-13,13
1,4,2021-03-14,16
1,4,2021-03-15,8
1,4,2021-03-16,16
1,4,2021-03-17,7
1,4,2021-03-18,1
1,4,2021-03-19,12
1,4,2021-03-20,2
1,4,2021-03-21,15
1,4,2021-03-22,5
1,4,2021-03-23,18
1,4,2021-03-24,6
1,4,2021-03-25,9
1,4,2021-03-26,8
1,4,2021-03-27,1
1,4,2021-03-28,14
1,4,2021-03-29,4
1,4,2021-03-30,3
1,4,2021-03-31,19
1,4,2021-04-01,3
1,4,2021-04-02,17
1,4,2021-04-03,3
1,4,2021-04-04,16
1,4,2021-04-05,11
1,4,2021-04-06,16
1,4,2021-04-07,9
1,4,2021-04-08,0
1,4,2021-04-09,17
1,4,2021-04-10,17
1,4,2021-04-11,13
1,4,2021-04-12,14
1,4,2021-04-13,11
1,4,2021-04-14,3
1,4,2021-04-15,2
1,4,2021-04-16,19
1,4,2021-04-17,11
1,4,2021-04-18,6
1,4,2021-04-19,10
1,4,2021-04-20,0
1,4,2021-04-21,5
1,4,2021-04-22,14
1,4,2021-04-23,14
1,4,2021-04-24,18
1,4,2021-04-25,10
1,4,2021-04-26,1
1,4,2021-04-27,13
1,4,2021-04-28,1
1,4,2021-04-29,3
1,4,2021-04-30,16
1,4,2021-05-01,2
1,4,2021-05-02,12
1,4,2021-05-03,8
1,4,2021-05-04,6
1,4,2021-05-05,14
1,4,2021-05-06,10
1,4,2021-05-07,19
1,4,2021-05-08,1
1,4,2021-05-09,14
1,4,2021-05-10,13
1,4,2021-05-11,19
1,4,2021-05-12,10
1,4,2021-05-13,2
1,4,2021-05-14,16
1,4,2021-05-15,11
1,4,2021-05-16,14
1,4,2021-05-17,15
1,4,2021-05-18,4
1,4,2021-05-19,19
1,4,2021-05-20,5
1,4,2021-05-21,18
1,4,2021-05-22,4
1,4,2021-05-23,2
1,4,2021-05-24,0
1,4,2021-05-25,5
1,4,2021-05-26,14
1,4,2021-05-27,1
1,4,2021-05-28,2
1,4,2021-05-29,16
1,4,2021-05-30,11
2,0,2021-01-01,17
2,0,2021-01-02,14
2,0,2021-01-03,11
2,0,2021-01-04,15
2,0,2021-01-05,7
2,0,2021-01-06,13
2,0,2021-01-07,16
2,0,2021-01-08,7
2,0,2021-01-09,14
2,0,2021-01-10,13
2,0,2021-01-11,17
2,0,2021-01-12,19
2,0,2021-01-13,6
2,0,2021-01-14,2
2,0,2021-01-15,11
2,0,2021-01-16,2
2,0,2021-01-17,19
2,0,2021-01-18,13
2,0,2021-01-19,14
2,0,2021-01-20,13
2,0,2021-01-21,6
2,0,2021-01-22,16
2,0,2021-01-23,11
2,0,2021-01-24,19
2,0,2021-01-25,3
2,0,2021-01-26,8
2,0,2021-01-27,5
2,0,2021-01-28,15
2,0,2021-01-29,1
2,0,2021-01-30,7
2,0,2021-01-31,10
2,0,2021-02-01,12
2,0,2021-02-02,16
2,0,2021-02-03,7
2,0,2021-02-04,17
2,0,2021-02-05,17
2,0,2021-02-06,13
2,0,2021-02-07,14
2,0,2021-02-08,5
2,0,2021-02-09,10
2,0,2021-02-10,12
2,0,2021-02-11,0
2,0,2021-02-12,5
2,0,2021-02-13,8
2,0,2021-02-14,7
2,0,2021-02-15,10
2,0,2021-02-16,18
2,0,2021-02-17,8
2,0,2021-02-18,16
2,0,2021-02-19,11
2,0,2021-02-20,13
2,0,2021-02-21,14
2,0,2021-02-22,15
2,0,2021-02-23,19
2,0,2021-02-24,0
2,0,2021-02-25,9
2,0,2021-02-26,7
2,0,2021-02-27,17
2,0,2021-02-28,0
2,0,2021-03-01,1
2,0,2021-03-02,0
2,0,2021-03-03,0
2,0,2021-03-04,8
2,0,2021-03-05,12
2,0,2021-03-06,0
2,0,2021-03-07,12
2,0,2021-03-08,19
2,0,2021-03-09,6
2,0,2021-03-10,1
2,0,2021-03-11,5
2,0,2021-03-12,6
2,0,2021-03-13,13
2,0,2021-03-14,17
2,0,2021-03-15,14
2,0,2021-03-16,1
2,0,2021-03-17,9
2,0,2021-03-18,11
2,0,2021-03-19,16
2,0,2021-03-20,7
2,0,2021-03-21,10
2,0,2021-03-22,2
2,0,2021-03-23,5
2,0,2021-03-24,8
2,0,2021-03-25,5
2,0,2021-03-26,8
2,0,2021-03-27,6
2,0,2021-03-28,8
2,0,2021-03-29,17
2,0,2021-03-30,11
2,0,2021-03-31,7
2,0,2021-04-01,7
2,0,2021-04-02,17
2,0,2021-04-03,19
2,0,2021-04-04,14
2,0,2021-04-05,6
2,0,2021-04-06,10
2,0,2021-04-07,19
2,0,2021-04-08,15
2,0,2021-04-09,3
2,0,2021-04-10,5
2,0,2021-04-11,2
2,0,2021-04-12,8
2,0,2021-04-13,9
2,0,2021-04-14,13
2,0,2021-04-15,10
2,0,2021-04-16,17
2,0,2021-04-17,11
2,0,2021-04-18,11
2,0,2021-04-19,12
2,0,2021-04-20,12
2,0,2021-04-21,18
2,0,2021-04-22,18
2,0,2021-04-23,13
2,0,2021-04-24,3
2,0,2021-04-25,12
2,0,2021-04-26,7
2,0,2021-04-27,18
2,0,2021-04-28,11
2,0,2021-04-29,17
2,0,2021-04-30,5
2,0,2021-05-01,17
2,0,2021-05-02,18
2,0,2021-05-03,4
2,0,2021-05-04,8
2,0,2021-05-05,2
2,0,2021-05-06,9
2,0,2021-05-07,18
2,0,2021-05-08,2
2,0,2021-05-09,14
2,0,2021-05-10,0
2,0,2021-05-11,6
2,0,2021-05-12,11
2,0,2021-05-13,16
2,0,2021-05-14,19
2,0,2021-05-15,4
2,0,2021-05-16,3
2,0,2021-05-17,11
2,0,2021-05-18,19
2,0,2021-05-19,17
2,0,2021-05-20,16
2,0,2021-05-21,18
2,0,2021-05-22,8
2,0,2021-05-23,3
2,0,2021-05-24,1
2,0,2021-05-25,3
2,0,2021-05-26,1
2,0,2021-05-27,14
2,0,2021-05-28,1
2,0,2021-05-29,3
2,0,2021-05-30,5
2,1,2021-01-01,6
2,1,2021-01-02,9
2,1,2021-01-03,18
2,1,2021-01-04,18
2,1,2021-01-05,11
2,1,2021-01-06,2
2,1,2021-01-07,12
2,1,2021-01-08,17
2,1,2021-01-09,7
2,1,2021-01-10,14
2,1,2021-01-11,0
2,1,2021-01-12,2
2,1,2021-01-13,7
2,1,2021-01-14,3
2,1,2021-01-15,15
2,1,2021-01-16,9
2,1,2021-01-17,11
2,1,2021-01-18,13
2,1,2021-01-19,13
2,1,2021-01-20,1
2,1,2021-01-21,4
2,1,2021-01-22,4
2,1,2021-01-23,5
2,1,2021-01-24,12
2,1,2021-01-25,8
2,1,2021-01-26,14
2,1,2021-01-27,13
2,1,2021-01-28,6
2,1,2021-01-29,19
2,1,2021-01-30,1
2,1,2021-01-31,6
2,1,2021-02-01,5
2,1,2021-02-02,16
2,1,2021-02-03,1
2,1,2021-02-04,2
2,1,2021-02-05,4
2,1,2021-02-06,4
2,1,2021-02-07,0
2,1,2021-02-08,7
2,1,2021-02-09,11
2,1,2021-02-10,3
2,1,2021-02-11,12
2,1,2021-02-12,14
2,1,2021-02-13,10
2,1,2021-02-14,9
2,1,2021-02-15,2
2,1,2021-02-16,13
2,1,2021-02-17,15
2,1,2021-02-18,9
2,1,2021-02-19,9
2,1,2021-02-20,11
2,1,2021-02-21,8
2,1,2021-02-22,0
2,1,2021-02-23,4
2,1,2021-02-24,19
2,1,2021-02-25,7
2,1,2021-02-26,10
2,1,2021-02-27,11
2,1,2021-02-28,0
2,1,2021-03-01,19
2,1,2021-03-02,10
2,1,2021-03-03,4
2,1,2021-03-04,14
2,1,2021-03-05,4
2,1,2021-03-06,11
2,1,2021-03-07,4
2,1,2021-03-08,16
2,1,2021-03-09,16
2,1,2021-03-10,11
2,1,2021-03-11,14
2,1,2021-03-12,14
2,1,2021-03-13,5
2,1,2021-03-14,11
2,1,2021-03-15,19
2,1,2021-03-16,17
2,1,2021-03-17,13
2,1,2021-03-18,1
2,1,2021-03-19,8
2,1,2021-03-20,4
2,1,2021-03-21,19
2,1,2021-03-22,0
2,1,2021-03-23,2
2,1,2021-03-24,5
2,1,2021-03-25,4
2,1,2021-03-26,4
2,1,2021-03-27,0
2,1,2021-03-28,16
2,1,2021-03-29,18
2,1,2021-03-30,13
2,1,2021-03-31,11
2,1,2021-04-01,9
2,1,2021-04-02,19
2,1,2021-04-03,17
2,1,2021-04-04,10
2,1,2021-04-05,1
2,1,2021-04-06,17
2,1,2021-04-07,6
2,1,2021-04-08,14
2,1,2021-04-09,10
2,1,2021-04-10,17
2,1,2021-04-11,11
2,1,2021-04-12,5
2,1,2021-04-13,19
2,1,2021-04-14,12
2,1,2021-04-15,19
2,1,2021-04-16,15
2,1,2021-04-17,17
2,1,2021-04-18,9
2,1,2021-04-19,7
2,1,2021-04-20,17
2,1,2021-04-21,0
2,1,2021-04-22,7
2,1,2021-04-23,5
2,1,2021-04-24,4
2,1,2021-04-25,14
2,1,2021-04-26,14
2,1,2021-04-27,1
2,1,2021-04-28,0
2,1,2021-04-29,10
2,1,2021-04-30,9
2,1,2021-05-01,17
2,1,2021-05-02,17
2,1,2021-05-03,16
2,1,2021-05-04,7
2,1,2021-05-05,14
2,1,2021-05-06,7
2,1,2021-05-07,16
2,1,2021-05-08,11
2,1,2021-05-09,7
2,1,2021-05-10,13
2,1,2021-05-11,3
2,1,2021-05-12,0
2,1,2021-05-13,0
2,1,2021-05-14,18
2,1,2021-05-15,15
2,1,2021-05-16,13
2,1,2021-05-17,15
2,1,2021-05-18,4
2,1,2021-05-19,8
2,1,2021-05-20,1
2,1,2021-05-21,17
2,1,2021-05-22,5
2,1,2021-05-23,8
2,1,2021-05-24,0
2,1,2021-05-25,8
2,1,2021-05-26,15
2,1,2021-05-27,12
2,1,2021-05-28,8
2,1,2021-05-29,12
2,1,2021-05-30,8
2,2,2021-01-01,10
2,2,2021-01-02,3
2,2,2021-01-03,1
2,2,2021-01-04,5
2,2,2021-01-05,13
2,2,2021-01-06,3
2,2,2021-01-07,5
2,2,2021-01-08,18
2,2,2021-01-09,5
2,2,2021-01-10,1
2,2,2021-01-11,17
2,2,2021-01-12,12
2,2,2021-01-13,8
2,2,2021-01-14,18
2,2,2021-01-15,12
2,2,2021-01-16,10
2,2,2021-01-17,0
2,2,2021-01-18,6
2,2,2021-01-19,14
2,2,2021-01-20,0
2,2,2021-01-21,11
2,2,2021-01-22,6
2,2,2021-01-23,14
2,2,2021-01-24,18
2,2,2021-01-25,0
2,2,2021-01-26,16
2,2,2021-01-27,16
2,2,2021-01-28,2
2,2,2021-01-29,11
2,2,2021-01-30,5
2,2,2021-01-31,10
2,2,2021-02-01,2
2,2,2021-02-02,7
2,2,2021-02-03,13
2,2,2021-02-04,13
2,2,2021-02-05,9
2,2,2021-02-06,1
2,2,2021-02-07,13
2,2,2021-02-08,8
2,2,2021-02-09,2
2,2,2021-02-10,7
2,2,2021-02-11,15
2,2,2021-02-12,1
2,2,2021-02-13,5
2,2,2021-02-14,11
2,2,2021-02-15,4
2,2,2021-02-16,1
2,2,2021-02-17,15
2,2,2021-02-18,4
2,2,2021-02-19,14
2,2,2021-02-20,11
2,2,2021-02-21,3
2,2,2021-02-22,14
2,2,2021-02-23,10
2,2,2021-02-24,15
2,2,2021-02-25,5
2,2,2021-02-26,13
2,2,2021-02-27,17
2,2,2021-02-28,11
2,2,2021-03-01,10
2,2,2021-03-02,12
2,2,2021-03-03,10
2,2,2021-03-04,15
2,2,2021-03-05,14
2,2,2021-03-06,14
2,2,2021-03-07,3
2,2,2021-03-08,10
2,2,2021-03-09,18
2,2,2021-03-10,14
2,2,2021-03-11,3
2,2,2021-03-12,12
2,2,2021-03-13,18
2,2,2021-03-14,1
2,2,2021-03-15,13
2,2,2021-03-16,3
2,2,2021-03-17,15
2,2,2021-03-18,19
2,2,2021-03-19,13
2,2,2021-03-20,14
2,2,2021-03-21,2
2,2,2021-03-22,7
2,2,2021-03-23,15
2,2,2021-03-24,9
2,2,2021-03-25,3
2,2,2021-03-26,17
2,2,2021-03-27,1
2,2,2021-03-28,16
2,2,2021-03-29,12
2,2,2021-03-30,3
2,2,2021-03-31,10
2,2,2021-04-01,6
2,2,2021-04-02,11
2,2,2021-04-03,9
2,2,2021-04-04,6
2,2,2021-04-05,12
2,2,2021-04-06,6
2,2,2021-04-07,16
2,2,2021-04-08,9
2,2,2021-04-09,9
2,2,2021-04-10,3
2,2,2021-04-11,19
2,2,2021-04-12,3
2,2,2021-04-13,6
2,2,2021-04-14,0
2,2,2021-04-15,11
2,2,2021-04-16,12
2,2,2021-04-17,9
2,2,2021-04-18,14
2,2,2021-04-19,12
2,2,2021-04-20,8
2,2,2021-04-21,8
2,2,2021-04-22,14
2,2,2021-04-23,9
2,2,2021-04-24,9
2,2,2021-04-25,7
2,2,2021-04-26,15
2,2,2021-04-27,16
2,2,2021-04-28,4
2,2,2021-04-29,3
2,2,2021-04-30,17
2,2,2021-05-01,18
2,2,2021-05-02,3
2,2,2021-05-03,6
2,2,2021-05-04,9
2,2,2021-05-05,17
2,2,2021-05-06,18
2,2,2021-05-07,3
2,2,2021-05-08,9
2,2,2021-05-09,0
2,2,2021-05-10,17
2,2,2021-05-11,4
2,2,2021-05-12,14
2,2,2021-05-13,16
2,2,2021-05-14,2
2,2,2021-05-15,11
2,2,2021-05-16,1
2,2,2021-05-17,0
2,2,2021-05-18,16
2,2,2021-05-19,15
2,2,2021-05-20,4
2,2,2021-05-21,14
2,2,2021-05-22,2
2,2,2021-05-23,6
2,2,2021-05-24,10
2,2,2021-05-25,9
2,2,2021-05-26,8
2,2,2021-05-27,13
2,2,2021-05-28,12
2,2,2021-05-29,1
2,2,2021-05-30,2
2,3,2021-01-01,6
2,3,2021-01-02,17
2,3,2021-01-03,2
2,3,2021-01-04,9
2,3,2021-01-05,6
2,3,2021-01-06,8
2,3,2021-01-07,16
2,3,2021-01-08,10
2,3,2021-01-09,6
2,3,2021-01-10,13
2,3,2021-01-11,18
2,3,2021-01-12,3
2,3,2021-01-13,5
2,3,2021-01-14,9
2,3,2021-01-15,6
2,3,2021-01-16,12
2,3,2021-01-17,13
2,3,2021-01-18,3
2,3,2021-01-19,7
2,3,2021-01-20,4
2,3,2021-01-21,0
2,3,2021-01-22,3
2,3,2021-01-23,2
2,3,2021-01-24,8
2,3,2021-01-25,7
2,3,2021-01-26,0
2,3,2021-01-27,5
2,3,2021-01-28,8
2,3,2021-01-29,6
2,3,2021-01-30,3
2,3,2021-01-31,12
2,3,2021-02-01,16
2,3,2021-02-02,1
2,3,2021-02-03,4
2,3,2021-02-04,11
2,3,2021-02-05,7
2,3,2021-02-06,5
2,3,2021-02-07,7
2,3,2021-02-08,17
2,3,2021-02-09,2
2,3,2021-02-10,11
2,3,2021-02-11,2
2,3,2021-02-12,5
2,3,2021-02-13,1
2,3,2021-02-14,11
2,3,2021-02-15,1
2,3,2021-02-16,5
2,3,2021-02-17,16
2,3,2021-02-18,2
2,3,2021-02-19,1
2,3,2021-02-20,19
2,3,2021-02-21,7
2,3,2021-02-22,11
2,3,2021-02-23,3
2,3,2021-02-24,4
2,3,2021-02-25,12
2,3,2021-02-26,14
2,3,2021-02-27,15
2,3,2021-02-28,9
2,3,2021-03-01,15
2,3,2021-03-02,11
2,3,2021-03-03,16
2,3,2021-03-04,15
2,3,2021-03-05,11
2,3,2021-03-06,7
2,3,2021-03-07,19
2,3,2021-03-08,2
2,3,2021-03-09,15
2,3,2021-03-10,12
2,3,2021-03-11,18
2,3,2021-03-12,7
2,3,2021-03-13,4
2,3,2021-03-14,19
2,3,2021-03-15,7
2,3,2021-03-16,11
2,3,2021-03-17,0
2,3,2021-03-18,19
2,3,2021-03-19,5
2,3,2021-03-20,17
2,3,2021-03-21,7
2,3,2021-03-22,6
2,3,2021-03-23,0
2,3,2021-03-24,15
2,3,2021-03-25,11
2,3,2021-03-26,5
2,3,2021-03-27,19
2,3,2021-03-28,1
2,3,2021-03-29,13
2,3,2021-03-30,3
2,3,2021-03-31,0
2,3,2021-04-01,17
2,3,2021-04-02,12
2,3,2021-04-03,1
2,3,2021-04-04,8
2,3,2021-04-05,1
2,3,2021-04-06,8
2,3,2021-04-07,0
2,3,2021-04-08,10
2,3,2021-04-09,2
2,3,2021-04-10,19
2,3,2021-04-11,3
2,3,2021-04-12,17
2,3,2021-04-13,5
2,3,2021-04-14,2
2,3,2021-04-15,10
2,3,2021-04-16,14
2,3,2021-04-17,4
2,3,2021-04-18,19
2,3,2021-04-19,9
2,3,2021-04-20,11
2,3,2021-04-21,14
2,3,2021-04-22,16
2,3,2021-04-23,9
2,3,2021-04-24,5
2,3,2021-04-25,17
2,3,2021-04-26,12
2,3,2021-04-27,2
2,3,2021-04-28,9
2,3,2021-04-29,13
2,3,2021-04-30,5
2,3,2021-05-01,2
2,3,2021-05-02,15
2,3,2021-05-03,6
2,3,2021-05-04,19
2,3,2021-05-05,13
2,3,2021-05-06,8
2,3,2021-05-07,14
2,3,2021-05-08,2
2,3,2021-05-09,1
2,3,2021-05-10,1
2,3,2021-05-11,2
2,3,2021-05-12,17
2,3,2021-05-13,13
2,3,2021-05-14,19
2,3,2021-05-15,17
2,3,2021-05-16,9
2,3,2021-05-17,1
2,3,2021-05-18,0
2,3,2021-05-19,3
2,3,2021-05-20,13
2,3,2021-05-21,0
2,3,2021-05-22,13
2,3,2021-05-23,15
2,3,2021-05-24,13
2,3,2021-05-25,19
2,3,2021-05-26,2
2,3,2021-05-27,2
2,3,2021-05-28,8
2,3,2021-05-29,5
2,3,2021-05-30,12
2,4,2021-01-01,1
2,4,2021-01-02,7
2,4,2021-01-03,1
2,4,2021-01-04,3
2,4,2021-01-05,14
2,4,2021-01-06,3
2,4,2021-01-07,12
2,4,2021-01-08,11
2,4,2021-01-09,12
2,4,2021-01-10,13
2,4,2021-01-11,19
2,4,2021-01-12,17
2,4,2021-01-13,5
2,4,2021-01-14,10
2,4,2021-01-15,1
2,4,2021-01-16,18
2,4,2021-01-17,18
2,4,2021-01-18,4
2,4,2021-01-19,18
2,4,2021-01-20,1
2,4,2021-01-21,9
2,4,2021-01-22,1
2,4,2021-01-23,10
2,4,2021-01-24,17
2,4,2021-01-25,14
2,4,2021-01-26,8
2,4,2021-01-27,18
2,4,2021-01-28,8
2,4,2021-01-29,2
2,4,2021-01-30,8
2,4,2021-01-31,13
2,4,2021-02-01,18
2,4,2021-02-02,6
2,4,2021-02-03,15
2,4,2021-02-04,15
2,4,2021-02-05,0
2,4,2021-02-06,3
2,4,2021-02-07,3
2,4,2021-02-08,6
2,4,2021-02-09,7
2,4,2021-02-10,16
2,4,2021-02-11,4
2,4,2021-02-12,6
2,4,2021-02-13,19
2,4,2021-02-14,19
2,4,2021-02-15,3
2,4,2021-02-16,5
2,4,2021-02-17,6
2,4,2021-02-18,17
2,4,2021-02-19,4
2,4,2021-02-20,19
2,4,2021-02-21,2
2,4,2021-02-22,6
2,4,2021-02-23,13
2,4,2021-02-24,6
2,4,2021-02-25,4
2,4,2021-02-26,4
2,4,2021-02-27,1
2,4,2021-02-28,5
2,4,2021-03-01,14
2,4,2021-03-02,9
2,4,2021-03-03,6
2,4,2021-03-04,4
2,4,2021-03-05,0
2,4,2021-03-06,12
2,4,2021-03-07,17
2,4,2021-03-08,12
2,4,2021-03-09,17
2,4,2021-03-10,4
2,4,2021-03-11,12
2,4,2021-03-12,3
2,4,2021-03-13,16
2,4,2021-03-14,2
2,4,2021-03-15,16
2,4,2021-03-16,10
2,4,2021-03-17,19
2,4,2021-03-18,3
2,4,2021-03-19,1
2,4,2021-03-20,19
2,4,2021-03-21,15
2,4,2021-03-22,17
2,4,2021-03-23,7
2,4,2021-03-24,2
2,4,2021-03-25,8
2,4,2021-03-26,19
2,4,2021-03-27,5
2,4,2021-03-28,9
2,4,2021-03-29,9
2,4,2021-03-30,12
2,4,2021-03-31,16
2,4,2021-04-01,8
2,4,2021-04-02,16
2,4,2021-04-03,8
2,4,2021-04-04,8
2,4,2021-04-05,0
2,4,2021-04-06,1
2,4,2021-04-07,15
2,4,2021-04-08,0
2,4,2021-04-09,9
2,4,2021-04-10,17
2,4,2021-04-11,7
2,4,2021-04-12,10
2,4,2021-04-13,1
2,4,2021-04-14,7
2,4,2021-04-15,7
2,4,2021-04-16,16
2,4,2021-04-17,14
2,4,2021-04-18,16
2,4,2021-04-19,12
2,4,2021-04-20,18
2,4,2021-04-21,4
2,4,2021-04-22,11
2,4,2021-04-23,0
2,4,2021-04-24,4
2,4,2021-04-25,7
2,4,2021-04-26,12
2,4,2021-04-27,7
2,4,2021-04-28,10
2,4,2021-04-29,0
2,4,2021-04-30,12
2,4,2021-05-01,18
2,4,2021-05-02,2
2,4,2021-05-03,16
2,4,2021-05-04,4
2,4,2021-05-05,19
2,4,2021-05-06,7
2,4,2021-05-07,13
2,4,2021-05-08,3
2,4,2021-05-09,10
2,4,2021-05-10,19
2,4,2021-05-11,14
2,4,2021-05-12,18
2,4,2021-05-13,6
2,4,2021-05-14,18
2,4,2021-05-15,18
2,4,2021-05-16,10
2,4,2021-05-17,4
2,4,2021-05-18,4
2,4,2021-05-19,7
2,4,2021-05-20,9
2,4,2021-05-21,5
2,4,2021-05-22,14
2,4,2021-05-23,15
2,4,2021-05-24,16
2,4,2021-05-25,7
2,4,2021-05-26,7
2,4,2021-05-27,8
2,4,2021-05-28,1
2,4,2021-05-29,14
2,4,2021-05-30,17
3,0,2021-01-01,2
3,0,2021-01-02,16
3,0,2021-01-03,3
3,0,2021-01-04,3
3,0,2021-01-05,13
3,0,2021-01-06,8
3,0,2021-01-07,8
3,0,2021-01-08,17
3,0,2021-01-09,9
3,0,2021-01-10,3
3,0,2021-01-11,11
3,0,2021-01-12,7
3,0,2021-01-13,1
3,0,2021-01-14,12
3,0,2021-01-15,15
3,0,2021-01-16,1
3,0,2021-01-17,10
3,0,2021-01-18,9
3,0,2021-01-19,14
3,0,2021-01-20,16
3,0,2021-01-21,7
3,0,2021-01-22,17
3,0,2021-01-23,8
3,0,2021-01-24,7
3,0,2021-01-25,13
3,0,2021-01-26,17
3,0,2021-01-27,19
3,0,2021-01-28,19
3,0,2021-01-29,11
3,0,2021-01-30,18
3,0,2021-01-31,13
3,0,2021-02-01,16
3,0,2021-02-02,2
3,0,2021-02-03,6
3,0,2021-02-04,16
3,0,2021-02-05,11
3,0,2021-02-06,8
3,0,2021-02-07,14
3,0,2021-02-08,17
3,0,2021-02-09,12
3,0,2021-02-10,7
3,0,2021-02-11,13
3,0,2021-02-12,7
3,0,2021-02-13,13
3,0,2021-02-14,6
3,0,2021-02-15,11
3,0,2021-02-16,10
3,0,2021-02-17,10
3,0,2021-02-18,12
3,0,2021-02-19,17
3,0,2021-02-20,1
3,0,2021-02-21,14
3,0,2021-02-22,19
3,0,2021-02-23,17
3,0,2021-02-24,14
3,0,2021-02-25,18
3,0,2021-02-26,11
3,0,2021-02-27,12
3,0,2021-02-28,10
3,0,2021-03-01,4
3,0,2021-03-02,0
3,0,2021-03-03,2
3,0,2021-03-04,18
3,0,2021-03-05,6
3,0,2021-03-06,11
3,0,2021-03-07,14
3,0,2021-03-08,4
3,0,2021-03-09,14
3,0,2021-03-10,7
3,0,2021-03-11,9
3,0,2021-03-12,15
3,0,2021-03-13,7
3,0,2021-03-14,0
3,0,2021-03-15,11
3,0,2021-03-16,4
3,0,2021-03-17,2
3,0,2021-03-18,0
3,0,2021-03-19,3
3,0,2021-03-20,7
3,0,2021-03-21,2
3,0,2021-03-22,9
3,0,2021-03-23,1
3,0,2021-03-24,10
3,0,2021-03-25,9
3,0,2021-03-26,13
3,0,2021-03-27,6
3,0,2021-03-28,1
3,0,2021-03-29,8
3,0,2021-03-30,15
3,0,2021-03-31,12
3,0,2021-04-01,8
3,0,2021-04-02,19
3,0,2021-04-03,3
3,0,2021-04-04,9
3,0,2021-04-05,11
3,0,2021-04-06,16
3,0,2021-04-07,13
3,0,2021-04-08,13
3,0,2021-04-09,1
3,0,2021-04-10,19
3,0,2021-04-11,10
3,0,2021-04-12,15
3,0,2021-04-13,18
3,0,2021-04-14,5
3,0,2021-04-15,18
3,0,2021-04-16,4
3,0,2021-04-17,3
3,0,2021-04-18,14
3,0,2021-04-19,3
3,0,2021-04-20,19
3,0,2021-04-21,9
3,0,2021-04-22,2
3,0,2021-04-23,4
3,0,2021-04-24,5
3,0,2021-04-25,7
3,0,2021-04-26,6
3,0,2021-04-27,9
3,0,2021-04-28,5
3,0,2021-04-29,13
3,0,2021-04-30,3
3,0,2021-05-01,12
3,0,2021-05-02,19
3,0,2021-05-03,16
3,0,2021-05-04,6
3,0,2021-05-05,3
3,0,2021-05-06,13
3,0,2021-05-07,2
3,0,2021-05-08,4
3,0,2021-05-09,15
3,0,2021-05-10,19
3,0,2021-05-11,3
3,0,2021-05-12,1
3,0,2021-05-13,17
3,0,2021-05-14,18
3,0,2021-05-15,18
3,0,2021-05-16,16
3,0,2021-05-17,13
3,0,2021-05-18,18
3,0,2021-05-19,12
3,0,2021-05-20,11
3,0,2021-05-21,5
3,0,2021-05-22,3
3,0,2021-05-23,18
3,0,2021-05-24,15
3,0,2021-05-25,12
3,0,2021-05-26,3
3,0,2021-05-27,16
3,0,2021-05-28,0
3,0,2021-05-29,17
3,0,2021-05-30,19
3,1,2021-01-01,16
3,1,2021-01-02,14
3,1,2021-01-03,10
3,1,2021-01-04,12
3,1,2021-01-05,0
3,1,2021-01-06,16
3,1,2021-01-07,5
3,1,2021-01-08,3
3,1,2021-01-09,19
3,1,2021-01-10,15
3,1,2021-01-11,14
3,1,2021-01-12,14
3,1,2021-01-13,5
3,1,2021-01-14,14
3,1,2021-01-15,13
3,1,2021-01-16,10
3,1,2021-01-17,6
3,1,2021-01-18,8
3,1,2021-01-19,15
3,1,2021-01-20,4
3,1,2021-01-21,19
3,1,2021-01-22,9
3,1,2021-01-23,17
3,1,2021-01-24,2
3,1,2021-01-25,12
3,1,2021-01-26,10
3,1,2021-01-27,16
3,1,2021-01-28,12
3,1,2021-01-29,5
3,1,2021-01-30,16
3,1,2021-01-31,12
3,1,2021-02-01,18
3,1,2021-02-02,18
3,1,2021-02-03,9
3,1,2021-02-04,2
3,1,2021-02-05,13
3,1,2021-02-06,18
3,1,2021-02-07,4
3,1,2021-02-08,4
3,1,2021-02-09,19
3,1,2021-02-10,16
3,1,2021-02-11,9
3,1,2021-02-12,4
3,1,2021-02-13,3
3,1,2021-02-14,5
3,1,2021-02-15,3
3,1,2021-02-16,6
3,1,2021-02-17,6
3,1,2021-02-18,17
3,1,2021-02-19,2
3,1,2021-02-20,0
3,1,2021-02-21,3
3,1,2021-02-22,5
3,1,2021-02-23,8
3,1,2021-02-24,13
3,1,2021-02-25,11
3,1,2021-02-26,19
3,1,2021-02-27,3
3,1,2021-02-28,11
3,1,2021-03-01,9
3,1,2021-03-02,6
3,1,2021-03-03,2
3,1,2021-03-04,13
3,1,2021-03-05,9
3,1,2021-03-06,15
3,1,2021-03-07,15
3,1,2021-03-08,9
3,1,2021-03-09,12
3,1,2021-03-10,5
3,1,2021-03-11,11
3,1,2021-03-12,8
3,1,2021-03-13,12
3,1,2021-03-14,3
3,1,2021-03-15,10
3,1,2021-03-16,19
3,1,2021-03-17,17
3,1,2021-03-18,10
3,1,2021-03-19,3
3,1,2021-03-20,17
3,1,2021-03-21,0
3,1,2021-03-22,6
3,1,2021-03-23,5
3,1,2021-03-24,14
3,1,2021-03-25,17
3,1,2021-03-26,10
3,1,2021-03-27,19
3,1,2021-03-28,14
3,1,2021-03-29,15
3,1,2021-03-30,6
3,1,2021-03-31,9
3,1,2021-04-01,11
3,1,2021-04-02,13
3,1,2021-04-03,4
3,1,2021-04-04,17
3,1,2021-04-05,4
3,1,2021-04-06,2
3,1,2021-04-07,4
3,1,2021-04-08,16
3,1,2021-04-09,18
3,1,2021-04-10,18
3,1,2021-04-11,11
3,1,2021-04-12,8
3,1,2021-04-13,0
3,1,2021-04-14,17
3,1,2021-04-15,3
3,1,2021-04-16,9
3,1,2021-04-17,6
3,1,2021-04-18,0
3,1,2021-04-19,16
3,1,2021-04-20,1
3,1,2021-04-21,10
3,1,2021-04-22,8
3,1,2021-04-23,6
3,1,2021-04-24,16
3,1,2021-04-25,16
3,1,2021-04-26,1
3,1,2021-04-27,5
3,1,2021-04-28,13
3,1,2021-04-29,5
3,1,2021-04-30,1
3,1,2021-05-01,0
3,1,2021-05-02,9
3,1,2021-05-03,4
3,1,2021-05-04,1
3,1,2021-05-05,15
3,1,2021-05-06,1
3,1,2021-05-07,9
3,1,2021-05-08,1
3,1,2021-05-09,15
3,1,2021-05-10,15
3,1,2021-05-11,18
3,1,2021-05-12,6
3,1,2021-05-13,11
3,1,2021-05-14,14
3,1,2021-05-15,7
3,1,2021-05-16,5
3,1,2021-05-17,9
3,1,2021-05-18,2
3,1,2021-05-19,18
3,1,2021-05-20,16
3,1,2021-05-21,6
3,1,2021-05-22,19
3,1,2021-05-23,3
3,1,2021-05-24,13
3,1,2021-05-25,19
3,1,2021-05-26,14
3,1,2021-05-27,7
3,1,2021-05-28,14
3,1,2021-05-29,19
3,1,2021-05-30,13
3,2,2021-01-01,8
3,2,2021-01-02,7
3,2,2021-01-03,16
3,2,2021-01-04,1
3,2,2021-01-05,2
3,2,2021-01-06,7
3,2,2021-01-07,11
3,2,2021-01-08,0
3,2,2021-01-09,9
3,2,2021-01-10,19
3,2,2021-01-11,2
3,2,2021-01-12,5
3,2,2021-01-13,6
3,2,2021-01-14,19
3,2,2021-01-15,17
3,2,2021-01-16,10
3,2,2021-01-17,18
3,2,2021-01-18,4
3,2,2021-01-19,18
3,2,2021-01-20,10
3,2,2021-01-21,11
3,2,2021-01-22,9
3,2,2021-01-23,7
3,2,2021-01-24,8
3,2,2021-01-25,3
3,2,2021-01-26,4
3,2,2021-01-27,7
3,2,2021-01-28,8
3,2,2021-01-29,14
3,2,2021-01-30,14
3,2,2021-01-31,15
3,2,2021-02-01,13
3,2,2021-02-02,7
3,2,2021-02-03,17
3,2,2021-02-04,9
3,2,2021-02-05,19
3,2,2021-02-06,5
3,2,2021-02-07,11
3,2,2021-02-08,1
3,2,2021-02-09,6
3,2,2021-02-10,15
3,2,2021-02-11,2
3,2,2021-02-12,12
3,2,2021-02-13,2
3,2,2021-02-14,17
3,2,2021-02-15,10
3,2,2021-02-16,7
3,2,2021-02-17,5
3,2,2021-02-18,0
3,2,2021-02-19,0
3,2,2021-02-20,7
3,2,2021-02-21,4
3,2,2021-02-22,15
3,2,2021-02-23,10
3,2,2021-02-24,4
3,2,2021-02-25,3
3,2,2021-02-26,5
3,2,2021-02-27,13
3,2,2021-02-28,18
3,2,2021-03-01,8
3,2,2021-03-02,11
3,2,2021-03-03,10
3,2,2021-03-04,13
3,2,2021-03-05,15
3,2,2021-03-06,0
3,2,2021-03-07,12
3,2,2021-03-08,12
3,2,2021-03-09,1
3,2,2021-03-10,3
3,2,2021-03-11,5
3,2,2021-03-12,4
3,2,2021-03-13,2
3,2,2021-03-14,0
3,2,2021-03-15,3
3,2,2021-03-16,19
3,2,2021-03-17,1
3,2,2021-03-18,4
3,2,2021-03-19,2
3,2,2021-03-20,8
3,2,2021-03-21,19
3,2,2021-03-22,5
3,2,2021-03-23,17
3,2,2021-03-24,5
3,2,2021-03-25,18
3,2,2021-03-26,11
3,2,2021-03-27,10
3,2,2021-03-28,1
3,2,2021-03-29,14
3,2,2021-03-30,11
3,2,2021-03-31,11
3,2,2021-04-01,8
3,2,2021-04-02,1
3,2,2021-04-03,2
3,2,2021-04-04,11
3,2,2021-04-05,15
3,2,2021-04-06,0
3,2,2021-04-07,2
3,2,2021-04-08,19
3,2,2021-04-09,1
3,2,2021-04-10,8
3,2,2021-04-11,18
3,2,2021-04-12,14
3,2,2021-04-13,17
3,2,2021-04-14,10
3,2,2021-04-15,15
3,2,2021-04-16,16
3,2,2021-04-17,4
3,2,2021-04-18,11
3,2,2021-04-19,10
3,2,2021-04-20,14
3,2,2021-04-21,2
3,2,2021-04-22,0
3,2,2021-04-23,19
3,2,2021-04-24,15
3,2,2021-04-25,1
3,2,2021-04-26,1
3,2,2021-04-27,2
3,2,2021-04-28,7
3,2,2021-04-29,14
3,2,2021-04-30,6
3,2,2021-05-01,5
3,2,2021-05-02,8
3,2,2021-05-03,19
3,2,2021-05-04,0
3,2,2021-05-05,7
3,2,2021-05-06,2
3,2,2021-05-07,3
3,2,2021-05-08,14
3,2,2021-05-09,5
3,2,2021-05-10,14
3,2,2021-05-11,2
3,2,2021-05-12,13
3,2,2021-05-13,19
3,2,2021-05-14,13
3,2,2021-05-15,3
3,2,2021-05-16,11
3,2,2021-05-17,16
3,2,2021-05-18,6
3,2,2021-05-19,8
3,2,2021-05-20,2
3,2,2021-05-21,12
3,2,2021-05-22,14
3,2,2021-05-23,17
3,2,2021-05-24,18
3,2,2021-05-25,0
3,2,2021-05-26,5
3,2,2021-05-27,1
3,2,2021-05-28,13
3,2,2021-05-29,5
3,2,2021-05-30,13
3,3,2021-01-01,3
3,3,2021-01-02,7
3,3,2021-01-03,2
3,3,2021-01-04,18
3,3,2021-01-05,13
3,3,2021-01-06,19
3,3,2021-01-07,16
3,3,2021-01-08,7
3,3,2021-01-09,13
3,3,2021-01-10,5
3,3,2021-01-11,15
3,3,2021-01-12,18
3,3,2021-01-13,13
3,3,2021-01-14,18
3,3,2021-01-15,2
3,3,2021-01-16,9
3,3,2021-01-17,18
3,3,2021-01-18,8
3,3,2021-01-19,19
3,3,2021-01-20,12
3,3,2021-01-21,6
3,3,2021-01-22,13
3,3,2021-01-23,8
3,3,2021-01-24,18
3,3,2021-01-25,14
3,3,2021-01-26,19
3,3,2021-01-27,13
3,3,2021-01-28,5
3,3,2021-01-29,3
3,3,2021-01-30,7
3,3,2021-01-31,16
3,3,2021-02-01,8
3,3,2021-02-02,0
3,3,2021-02-03,19
3,3,2021-02-04,13
3,3,2021-02-05,10
3,3,2021-02-06,2
3,3,2021-02-07,8
3,3,2021-02-08,13
3,3,2021-02-09,8
3,3,2021-02-10,3
3,3,2021-02-11,3
3,3,2021-02-12,7
3,3,2021-02-13,1
3,3,2021-02-14,8
3,3,2021-02-15,13
3,3,2021-02-16,8
3,3,2021-02-17,15
3,3,2021-02-18,16
3,3,2021-02-19,15
3,3,2021-02-20,11
3,3,2021-02-21,2
3,3,2021-02-22,10
3,3,2021-02-23,13
3,3,2021-02-24,17
3,3,2021-02-25,4
3,3,2021-02-26,15
3,3,2021-02-27,19
3,3,2021-02-28,4
3,3,2021-03-01,2
3,3,2021-03-02,11
3,3,2021-03-03,0
3,3,2021-03-04,8
3,3,2021-03-05,8
3,3,2021-03-06,3
3,3,2021-03-07,2
3,3,2021-03-08,16
3,3,2021-03-09,1
3,3,2021-03-10,0
3,3,2021-03-11,7
3,3,2021-03-12,12
3,3,2021-03-13,14
3,3,2021-03-14,7
3,3,2021-03-15,11
3,3,2021-03-16,11
3,3,2021-03-17,13
3,3,2021-03-18,14
3,3,2021-03-19,14
3,3,2021-03-20,8
3,3,2021-03-21,18
3,3,2021-03-22,19
3,3,2021-03-23,7
3,3,2021-03-24,18
3,3,2021-03-25,5
3,3,2021-03-26,19
3,3,2021-03-27,18
3,3,2021-03-28,3
3,3,2021-03-29,6
3,3,2021-03-30,3
3,3,2021-03-31,11
3,3,2021-04-01,12
3,3,2021-04-02,2
3,3,2021-04-03,11
3,3,2021-04-04,1
3,3,2021-04-05,1
3,3,2021-04-06,8
3,3,2021-04-07,0
3,3,2021-04-08,7
3,3,2021-04-09,5
3,3,2021-04-10,5
3,3,2021-04-11,17
3,3,2021-04-12,16
3,3,2021-04-13,11
3,3,2021-04-14,5
3,3,2021-04-15,7
3,3,2021-04-16,18
3,3,2021-04-17,9
3,3,2021-04-18,0
3,3,2021-04-19,12
3,3,2021-04-20,16
3,3,2021-04-21,2
3,3,2021-04-22,7
3,3,2021-04-23,13
3,3,2021-04-24,2
3,3,2021-04-25,15
3,3,2021-04-26,12
3,3,2021-04-27,19
3,3,2021-04-28,16
3,3,2021-04-29,12
3,3,2021-04-30,5
3,3,2021-05-01,16
3,3,2021-05-02,13
3,3,2021-05-03,16
3,3,2021-05-04,7
3,3,2021-05-05,10
3,3,2021-05-06,19
3,3,2021-05-07,0
3,3,2021-05-08,6
3,3,2021-05-09,16
3,3,2021-05-10,9
3,3,2021-05-11,10
3,3,2021-05-12,8
3,3,2021-05-13,8
3,3,2021-05-14,4
3,3,2021-05-15,16
3,3,2021-05-16,8
3,3,2021-05-17,16
3,3,2021-05-18,18
3,3,2021-05-19,6
3,3,2021-05-20,8
3,3,2021-05-21,6
3,3,2021-05-22,12
3,3,2021-05-23,10
3,3,2021-05-24,13
3,3,2021-05-25,18
3,3,2021-05-26,10
3,3,2021-05-27,12
3,3,2021-05-28,13
3,3,2021-05-29,12
3,3,2021-05-30,0
3,4,2021-01-01,7
3,4,2021-01-02,11
3,4,2021-01-03,18
3,4,2021-01-04,11
3,4,2021-01-05,7
3,4,2021-01-06,7
3,4,2021-01-07,12
3,4,2021-01-08,11
3,4,2021-01-09,15
3,4,2021-01-10,0
3,4,2021-01-11,12
3,4,2021-01-12,6
3,4,2021-01-13,4
3,4,2021-01-14,7
3,4,2021-01-15,13
3,4,2021-01-16,12
3,4,2021-01-17,14
3,4,2021-01-18,16
3,4,2021-01-19,14
3,4,2021-01-20,19
3,4,2021-01-21,17
3,4,2021-01-22,17
3,4,2021-01-23,1
3,4,2021-01-24,3
3,4,2021-01-25,0
3,4,2021-01-26,3
3,4,2021-01-27,17
3,4,2021-01-28,4
3,4,2021-01-29,18
3,4,2021-01-30,14
3,4,2021-01-31,7
3,4,2021-02-01,19
3,4,2021-02-02,16
3,4,2021-02-03,0
3,4,2021-02-04,11
3,4,2021-02-05,18
3,4,2021-02-06,14
3,4,2021-02-07,8
3,4,2021-02-08,6
3,4,2021-02-09,1
3,4,2021-02-10,8
3,4,2021-02-11,9
3,4,2021-02-12,1
3,4,2021-02-13,18
3,4,2021-02-14,10
3,4,2021-02-15,12
3,4,2021-02-16,9
3,4,2021-02-17,13
3,4,2021-02-18,17
3,4,2021-02-19,18
3,4,2021-02-20,8
3,4,2021-02-21,6
3,4,2021-02-22,2
3,4,2021-02-23,19
3,4,2021-02-24,5
3,4,2021-02-25,1
3,4,2021-02-26,5
3,4,2021-02-27,2
3,4,2021-02-28,15
3,4,2021-03-01,7
3,4,2021-03-02,1
3,4,2021-03-03,16
3,4,2021-03-04,8
3,4,2021-03-05,11
3,4,2021-03-06,2
3,4,2021-03-07,10
3,4,2021-03-08,0
3,4,2021-03-09,12
3,4,2021-03-10,14
3,4,2021-03-11,4
3,4,2021-03-12,16
3,4,2021-03-13,5
3,4,2021-03-14,10
3,4,2021-03-15,17
3,4,2021-03-16,3
3,4,2021-03-17,2
3,4,2021-03-18,12
3,4,2021-03-19,8
3,4,2021-03-20,5
3,4,2021-03-21,11
3,4,2021-03-22,1
3,4,2021-03-23,2
3,4,2021-03-24,2
3,4,2021-03-25,11
3,4,2021-03-26,14
3,4,2021-03-27,8
3,4,2021-03-28,7
3,4,2021-03-29,10
3,4,2021-03-30,15
3,4,2021-03-31,3
3,4,2021-04-01,0
3,4,2021-04-02,6
3,4,2021-04-03,1
3,4,2021-04-04,4
3,4,2021-04-05,6
3,4,2021-04-06,3
3,4,2021-04-07,4
3,4,2021-04-08,0
3,4,2021-04-09,0
3,4,2021-04-10,14
3,4,2021-04-11,19
3,4,2021-04-12,18
3,4,2021-04-13,9
3,4,2021-04-14,17
3,4,2021-04-15,2
3,4,2021-04-16,10
3,4,2021-04-17,14
3,4,2021-04-18,10
3,4,2021-04-19,16
3,4,2021-04-20,16
3,4,2021-04-21,5
3,4,2021-04-22,4
3,4,2021-04-23,7
3,4,2021-04-24,1
3,4,2021-04-25,15
3,4,2021-04-26,19
3,4,2021-04-27,11
3,4,2021-04-28,5
3,4,2021-04-29,0
3,4,2021-04-30,3
3,4,2021-05-01,16
3,4,2021-05-02,12
3,4,2021-05-03,17
3,4,2021-05-04,4
3,4,2021-05-05,2
3,4,2021-05-06,10
3,4,2021-05-07,12
3,4,2021-05-08,3
3,4,2021-05-09,13
3,4,2021-05-10,10
3,4,2021-05-11,9
3,4,2021-05-12,18
3,4,2021-05-13,17
3,4,2021-05-14,5
3,4,2021-05-15,14
3,4,2021-05-16,9
3,4,2021-05-17,4
3,4,2021-05-18,4
3,4,2021-05-19,9
3,4,2021-05-20,4
3,4,2021-05-21,2
3,4,2021-05-22,5
3,4,2021-05-23,3
3,4,2021-05-24,17
3,4,2021-05-25,8
3,4,2021-05-26,16
3,4,2021-05-27,12
3,4,2021-05-28,14
3,4,2021-05-29,19
3,4,2021-05-30,16
4,0,2021-01-01,12
4,0,2021-01-02,15
4,0,2021-01-03,3
4,0,2021-01-04,4
4,0,2021-01-05,4
4,0,2021-01-06,8
4,0,2021-01-07,16
4,0,2021-01-08,12
4,0,2021-01-09,1
4,0,2021-01-10,12
4,0,2021-01-11,18
4,0,2021-01-12,2
4,0,2021-01-13,9
4,0,2021-01-14,1
4,0,2021-01-15,12
4,0,2021-01-16,18
4,0,2021-01-17,16
4,0,2021-01-18,13
4,0,2021-01-19,11
4,0,2021-01-20,11
4,0,2021-01-21,10
4,0,2021-01-22,6
4,0,2021-01-23,3
4,0,2021-01-24,18
4,0,2021-01-25,0
4,0,2021-01-26,2
4,0,2021-01-27,12
4,0,2021-01-28,14
4,0,2021-01-29,1
4,0,2021-01-30,10
4,0,2021-01-31,3
4,0,2021-02-01,18
4,0,2021-02-02,16
4,0,2021-02-03,2
4,0,2021-02-04,17
4,0,2021-02-05,7
4,0,2021-02-06,18
4,0,2021-02-07,4
4,0,2021-02-08,6
4,0,2021-02-09,7
4,0,2021-02-10,4
4,0,2021-02-11,16
4,0,2021-02-12,4
4,0,2021-02-13,3
4,0,2021-02-14,18
4,0,2021-02-15,1
4,0,2021-02-16,10
4,0,2021-02-17,12
4,0,2021-02-18,14
4,0,2021-02-19,11
4,0,2021-02-20,10
4,0,2021-02-21,6
4,0,2021-02-22,4
4,0,2021-02-23,16
4,0,2021-02-24,19
4,0,2021-02-25,8
4,0,2021-02-26,13
4,0,2021-02-27,11
4,0,2021-02-28,5
4,0,2021-03-01,16
4,0,2021-03-02,18
4,0,2021-03-03,18
4,0,2021-03-04,15
4,0,2021-03-05,11
4,0,2021-03-06,11
4,0,2021-03-07,19
4,0,2021-03-08,5
4,0,2021-03-09,3
4,0,2021-03-10,5
4,0,2021-03-11,10
4,0,2021-03-12,0
4,0,2021-03-13,14
4,0,2021-03-14,10
4,0,2021-03-15,18
4,0,2021-03-16,17
4,0,2021-03-17,16
4,0,2021-03-18,18
4,0,2021-03-19,13
4,0,2021-03-20,17
4,0,2021-03-21,18
4,0,2021-03-22,14
4,0,2021-03-23,14
4,0,2021-03-24,3
4,0,2021-03-25,6
4,0,2021-03-26,12
4,0,2021-03-27,2
4,0,2021-03-28,15
4,0,2021-03-29,8
4,0,2021-03-30,7
4,0,2021-03-31,19
4,0,2021-04-01,12
4,0,2021-04-02,16
4,0,2021-04-03,16
4,0,2021-04-04,16
4,0,2021-04-05,0
4,0,2021-04-06,7
4,0,2021-04-07,18
4,0,2021-04-08,5
4,0,2021-04-09,2
4,0,2021-04-10,4
4,0,2021-04-11,12
4,0,2021-04-12,14
4,0,2021-04-13,13
4,0,2021-04-14,15
4,0,2021-04-15,17
4,0,2021-04-16,10
4,0,2021-04-17,2
4,0,2021-04-18,9
4,0,2021-04-19,9
4,0,2021-04-20,15
4,0,2021-04-21,11
4,0,2021-04-22,1
4,0,2021-04-23,8
4,0,2021-04-24,2
4,0,2021-04-25,14
4,0,2021-04-26,2
4,0,2021-04-27,18
4,0,2021-04-28,17
4,0,2021-04-29,7
4,0,2021-04-30,16
4,0,2021-05-01,7
4,0,2021-05-02,6
4,0,2021-05-03,6
4,0,2021-05-04,2
4,0,2021-05-05,0
4,0,2021-05-06,3
4,0,2021-05-07,4
4,0,2021-05-08,0
4,0,2021-05-09,14
4,0,2021-05-10,4
4,0,2021-05-11,12
4,0,2021-05-12,7
4,0,2021-05-13,7
4,0,2021-05-14,4
4,0,2021-05-15,8
4,0,2021-05-16,0
4,0,2021-05-17,3
4,0,2021-05-18,2
4,0,2021-05-19,1
4,0,2021-05-20,7
4,0,2021-05-21,8
4,0,2021-05-22,1
4,0,2021-05-23,13
4,0,2021-05-24,13
4,0,2021-05-25,3
4,0,2021-05-26,5
4,0,2021-05-27,10
4,0,2021-05-28,2
4,0,2021-05-29,7
4,0,2021-05-30,2
4,1,2021-01-01,13
4,1,2021-01-02,12
4,1,2021-01-03,12
4,1,2021-01-04,1
4,1,2021-01-05,12
4,1,2021-01-06,18
4,1,2021-01-07,5
4,1,2021-01-08,15
4,1,2021-01-09,1
4,1,2021-01-10,7
4,1,2021-01-11,16
4,1,2021-01-12,1
4,1,2021-01-13,9
4,1,2021-01-14,15
4,1,2021-01-15,5
4,1,2021-01-16,1
4,1,2021-01-17,1
4,1,2021-01-18,12
4,1,2021-01-19,14
4,1,2021-01-20,1
4,1,2021-01-21,6
4,1,2021-01-22,2
4,1,2021-01-23,7
4,1,2021-01-24,13
4,1,2021-01-25,6
4,1,2021-01-26,6
4,1,2021-01-27,0
4,1,2021-01-28,16
4,1,2021-01-29,8
4,1,2021-01-30,12
4,1,2021-01-31,18
4,1,2021-02-01,18
4,1,2021-02-02,16
4,1,2021-02-03,9
4,1,2021-02-04,9
4,1,2021-02-05,3
4,1,2021-02-06,7
4,1,2021-02-07,19
4,1,2021-02-08,19
4,1,2021-02-09,17
4,1,2021-02-10,13
4,1,2021-02-11,17
4,1,2021-02-12,13
4,1,2021-02-13,19
4,1,2021-02-14,14
4,1,2021-02-15,3
4,1,2021-02-16,12
4,1,2021-02-17,7
4,1,2021-02-18,17
4,1,2021-02-19,11
4,1,2021-02-20,13
4,1,2021-02-21,1
4,1,2021-02-22,17
4,1,2021-02-23,1
4,1,2021-02-24,10
4,1,2021-02-25,8
4,1,2021-02-26,11
4,1,2021-02-27,16
4,1,2021-02-28,14
4,1,2021-03-01,16
4,1,2021-03-02,17
4,1,2021-03-03,5
4,1,2021-03-04,16
4,1,2021-03-05,17
4,1,2021-03-06,7
4,1,2021-03-07,8
4,1,2021-03-08,5
4,1,2021-03-09,4
4,1,2021-03-10,11
4,1,2021-03-11,10
4,1,2021-03-12,0
4,1,2021-03-13,10
4,1,2021-03-14,18
4,1,2021-03-15,8
4,1,2021-03-16,1
4,1,2021-03-17,11
4,1,2021-03-18,3
4,1,2021-03-19,3
4,1,2021-03-20,17
4,1,2021-03-21,14
4,1,2021-03-22,18
4,1,2021-03-23,12
4,1,2021-03-24,18
4,1,2021-03-25,16
4,1,2021-03-26,5
4,1,2021-03-27,15
4,1,2021-03-28,11
4,1,2021-03-29,18
4,1,2021-03-30,4
4,1,2021-03-31,16
4,1,2021-04-01,0
4,1,2021-04-02,9
4,1,2021-04-03,14
4,1,2021-04-04,10
4,1,2021-04-05,12
4,1,2021-04-06,4
4,1,2021-04-07,0
4,1,2021-04-08,11
4,1,2021-04-09,10
4,1,2021-04-10,16
4,1,2021-04-11,3
4,1,2021-04-12,14
4,1,2021-04-13,8
4,1,2021-04-14,19
4,1,2021-04-15,18
4,1,2021-04-16,18
4,1,2021-04-17,11
4,1,2021-04-18,4
4,1,2021-04-19,9
4,1,2021-04-20,16
4,1,2021-04-21,4
4,1,2021-04-22,15
4,1,2021-04-23,6
4,1,2021-04-24,8
4,1,2021-04-25,2
4,1,2021-04-26,14
4,1,2021-04-27,15
4,1,2021-04-28,17
4,1,2021-04-29,13
4,1,2021-04-30,2
4,1,2021-05-01,11
4,1,2021-05-02,8
4,1,2021-05-03,6
4,1,2021-05-04,8
4,1,2021-05-05,12
4,1,2021-05-06,17
4,1,2021-05-07,4
4,1,2021-05-08,12
4,1,2021-05-09,3
4,1,2021-05-10,1
4,1,2021-05-11,15
4,1,2021-05-12,8
4,1,2021-05-13,8
4,1,2021-05-14,5
4,1,2021-05-15,10
4,1,2021-05-16,0
4,1,2021-05-17,3
4,1,2021-05-18,12
4,1,2021-05-19,12
4,1,2021-05-20,12
4,1,2021-05-21,1
4,1,2021-05-22,8
4,1,2021-05-23,7
4,1,2021-05-24,6
4,1,2021-05-25,3
4,1,2021-05-26,17
4,1,2021-05-27,2
4,1,2021-05-28,5
4,1,2021-05-29,11
4,1,2021-05-30,11
4,2,2021-01-01,7
4,2,2021-01-02,0
4,2,2021-01-03,3
4,2,2021-01-04,10
4,2,2021-01-05,2
4,2,2021-01-06,12
4,2,2021-01-07,16
4,2,2021-01-08,9
4,2,2021-01-09,11
4,2,2021-01-10,14
4,2,2021-01-11,9
4,2,2021-01-12,13
4,2,2021-01-13,12
4,2,2021-01-14,4
4,2,2021-01-15,5
4,2,2021-01-16,1
4,2,2021-01-17,16
4,2,2021-01-18,3
4,2,2021-01-19,13
4,2,2021-01-20,9
4,2,2021-01-21,2
4,2,2021-01-22,2
4,2,2021-01-23,14
4,2,2021-01-24,5
4,2,2021-01-25,16
4,2,2021-01-26,11
4,2,2021-01-27,19
4,2,2021-01-28,10
4,2,2021-01-29,3
4,2,2021-01-30,5
4,2,2021-01-31,0
4,2,2021-02-01,19
4,2,2021-02-02,15
4,2,2021-02-03,14
4,2,2021-02-04,16
4,2,2021-02-05,7
4,2,2021-02-06,11
4,2,2021-02-07,9
4,2,2021-02-08,14
4,2,2021-02-09,8
4,2,2021-02-10,1
4,2,2021-02-11,4
4,2,2021-02-12,5
4,2,2021-02-13,6
4,2,2021-02-14,0
4,2,2021-02-15,6
4,2,2021-02-16,19
4,2,2021-02-17,11
4,2,2021-02-18,15
4,2,2021-02-19,15
4,2,2021-02-20,10
4,2,2021-02-21,3
4,2,2021-02-22,12
4,2,2021-02-23,6
4,2,2021-02-24,3
4,2,2021-02-25,14
4,2,2021-02-26,18
4,2,2021-02-27,8
4,2,2021-02-28,10
4,2,2021-03-01,7
4,2,2021-03-02,0
4,2,2021-03-03,7
4,2,2021-03-04,12
4,2,2021-03-05,3
4,2,2021-03-06,7
4,2,2021-03-07,2
4,2,2021-03-08,8
4,2,2021-03-09,1
4,2,2021-03-10,1
4,2,2021-03-11,12
4,2,2021-03-12,14
4,2,2021-03-13,11
4,2,2021-03-14,3
4,2,2021-03-15,7
4,2,2021-03-16,8
4,2,2021-03-17,4
4,2,2021-03-18,19
4,2,2021-03-19,17
4,2,2021-03-20,10
4,2,2021-03-21,14
4,2,2021-03-22,8
4,2,2021-03-23,16
4,2,2021-03-24,11
4,2,2021-03-25,6
4,2,2021-03-26,9
4,2,2021-03-27,9
4,2,2021-03-28,12
4,2,2021-03-29,18
4,2,2021-03-30,10
4,2,2021-03-31,12
4,2,2021-04-01,7
4,2,2021-04-02,7
4,2,2021-04-03,3
4,2,2021-04-04,14
4,2,2021-04-05,10
4,2,2021-04-06,10
4,2,2021-04-07,0
4,2,2021-04-08,16
4,2,2021-04-09,14
4,2,2021-04-10,19
4,2,2021-04-11,5
4,2,2021-04-12,14
4,2,2021-04-13,8
4,2,2021-04-14,13
4,2,2021-04-15,17
4,2,2021-04-16,16
4,2,2021-04-17,17
4,2,2021-04-18,4
4,2,2021-04-19,19
4,2,2021-04-20,19
4,2,2021-04-21,8
4,2,2021-04-22,10
4,2,2021-04-23,0
4,2,2021-04-24,17
4,2,2021-04-25,5
4,2,2021-04-26,1
4,2,2021-04-27,14
4,2,2021-04-28,13
4,2,2021-04-29,4
4,2,2021-04-30,5
4,2,2021-05-01,5
4,2,2021-05-02,17
4,2,2021-05-03,13
4,2,2021-05-04,9
4,2,2021-05-05,13
4,2,2021-05-06,12
4,2,2021-05-07,2
4,2,2021-05-08,5
4,2,2021-05-09,7
4,2,2021-05-10,11
4,2,2021-05-11,12
4,2,2021-05-12,10
4,2,2021-05-13,11
4,2,2021-05-14,0
4,2,2021-05-15,16
4,2,2021-05-16,15
4,2,2021-05-17,10
4,2,2021-05-18,12
4,2,2021-05-19,17
4,2,2021-05-20,10
4,2,2021-05-21,11
4,2,2021-05-22,5
4,2,2021-05-23,8
4,2,2021-05-24,15
4,2,2021-05-25,3
4,2,2021-05-26,2
4,2,2021-05-27,15
4,2,2021-05-28,11
4,2,2021-05-29,10
4,2,2021-05-30,4
4,3,2021-01-01,17
4,3,2021-01-02,18
4,3,2021-01-03,5
4,3,2021-01-04,17
4,3,2021-01-05,5
4,3,2021-01-06,3
4,3,2021-01-07,11
4,3,2021-01-08,18
4,3,2021-01-09,1
4,3,2021-01-10,16
4,3,2021-01-11,10
4,3,2021-01-12,10
4,3,2021-01-13,15
4,3,2021-01-14,1
4,3,2021-01-15,1
4,3,2021-01-16,7
4,3,2021-01-17,12
4,3,2021-01-18,9
4,3,2021-01-19,7
4,3,2021-01-20,3
4,3,2021-01-21,14
4,3,2021-01-22,0
4,3,2021-01-23,10
4,3,2021-01-24,6
4,3,2021-01-25,16
4,3,2021-01-26,19
4,3,2021-01-27,17
4,3,2021-01-28,11
4,3,2021-01-29,8
4,3,2021-01-30,4
4,3,2021-01-31,9
4,3,2021-02-01,3
4,3,2021-02-02,4
4,3,2021-02-03,9
4,3,2021-02-04,10
4,3,2021-02-05,9
4,3,2021-02-06,7
4,3,2021-02-07,1
4,3,2021-02-08,7
4,3,2021-02-09,15
4,3,2021-02-10,4
4,3,2021-02-11,2
4,3,2021-02-12,11
4,3,2021-02-13,12
4,3,2021-02-14,12
4,3,2021-02-15,9
4,3,2021-02-16,3
4,3,2021-02-17,8
4,3,2021-02-18,1
4,3,2021-02-19,18
4,3,2021-02-20,0
4,3,2021-02-21,6
4,3,2021-02-22,16
4,3,2021-02-23,2
4,3,2021-02-24,19
4,3,2021-02-25,19
4,3,2021-02-26,2
4,3,2021-02-27,2
4,3,2021-02-28,16
4,3,2021-03-01,6
4,3,2021-03-02,13
4,3,2021-03-03,16
4,3,2021-03-04,17
4,3,2021-03-05,12
4,3,2021-03-06,19
4,3,2021-03-07,19
4,3,2021-03-08,17
4,3,2021-03-09,3
4,3,2021-03-10,0
4,3,2021-03-11,17
4,3,2021-03-12,0
4,3,2021-03-13,12
4,3,2021-03-14,19
4,3,2021-03-15,19
4,3,2021-03-16,9
4,3,2021-03-17,10
4,3,2021-03-18,8
4,3,2021-03-19,8
4,3,2021-03-20,4
4,3,2021-03-21,0
4,3,2021-03-22,16
4,3,2021-03-23,1
4,3,2021-03-24,12
4,3,2021-03-25,8
4,3,2021-03-26,3
4,3,2021-03-27,4
4,3,2021-03-28,10
4,3,2021-03-29,18
4,3,2021-03-30,2
4,3,2021-03-31,11
4,3,2021-04-01,18
4,3,2021-04-02,18
4,3,2021-04-03,12
4,3,2021-04-04,6
4,3,2021-04-05,14
4,3,2021-04-06,6
4,3,2021-04-07,7
4,3,2021-04-08,4
4,3,2021-04-09,13
4,3,2021-04-10,3
4,3,2021-04-11,9
4,3,2021-04-12,19
4,3,2021-04-13,14
4,3,2021-04-14,17
4,3,2021-04-15,19
4,3,2021-04-16,12
4,3,2021-04-17,7
4,3,2021-04-18,8
4,3,2021-04-19,15
4,3,2021-04-20,18
4,3,2021-04-21,15
4,3,2021-04-22,6
4,3,2021-04-23,13
4,3,2021-04-24,13
4,3,2021-04-25,3
4,3,2021-04-26,14
4,3,2021-04-27,2
4,3,2021-04-28,4
4,3,2021-04-29,0
4,3,2021-04-30,2
4,3,2021-05-01,14
4,3,2021-05-02,7
4,3,2021-05-03,3
4,3,2021-05-04,1
4,3,2021-05-05,9
4,3,2021-05-06,3
4,3,2021-05-07,2
4,3,2021-05-08,1
4,3,2021-05-09,16
4,3,2021-05-10,19
4,3,2021-05-11,12
4,3,2021-05-12,4
4,3,2021-05-13,8
4,3,2021-05-14,5
4,3,2021-05-15,4
4,3,2021-05-16,9
4,3,2021-05-17,7
4,3,2021-05-18,6
4,3,2021-05-19,6
4,3,2021-05-20,5
4,3,2021-05-21,19
4,3,2021-05-22,2
4,3,2021-05-23,18
4,3,2021-05-24,14
4,3,2021-05-25,3
4,3,2021-05-26,11
4,3,2021-05-27,5
4,3,2021-05-28,18
4,3,2021-05-29,3
4,3,2021-05-30,14
4,4,2021-01-01,8
4,4,2021-01-02,4
4,4,2021-01-03,12
4,4,2021-01-04,17
4,4,2021-01-05,4
4,4,2021-01-06,15
4,4,2021-01-07,18
4,4,2021-01-08,13
4,4,2021-01-09,15
4,4,2021-01-10,14
4,4,2021-01-11,3
4,4,2021-01-12,6
4,4,2021-01-13,15
4,4,2021-01-14,7
4,4,2021-01-15,16
4,4,2021-01-16,15
4,4,2021-01-17,9
4,4,2021-01-18,9
4,4,2021-01-19,1
4,4,2021-01-20,8
4,4,2021-01-21,16
4,4,2021-01-22,10
4,4,2021-01-23,9
4,4,2021-01-24,16
4,4,2021-01-25,3
4,4,2021-01-26,15
4,4,2021-01-27,19
4,4,2021-01-28,14
4,4,2021-01-29,4
4,4,2021-01-30,5
4,4,2021-01-31,16
4,4,2021-02-01,0
4,4,2021-02-02,18
4,4,2021-02-03,3
4,4,2021-02-04,16
4,4,2021-02-05,8
4,4,2021-02-06,1
4,4,2021-02-07,7
4,4,2021-02-08,14
4,4,2021-02-09,6
4,4,2021-02-10,5
4,4,2021-02-11,0
4,4,2021-02-12,14
4,4,2021-02-13,6
4,4,2021-02-14,16
4,4,2021-02-15,1
4,4,2021-02-16,8
4,4,2021-02-17,8
4,4,2021-02-18,12
4,4,2021-02-19,5
4,4,2021-02-20,5
4,4,2021-02-21,19
4,4,2021-02-22,19
4,4,2021-02-23,2
4,4,2021-02-24,16
4,4,2021-02-25,16
4,4,2021-02-26,11
4,4,2021-02-27,15
4,4,2021-02-28,14
4,4,2021-03-01,12
4,4,2021-03-02,0
4,4,2021-03-03,16
4,4,2021-03-04,2
4,4,2021-03-05,14
4,4,2021-03-06,3
4,4,2021-03-07,3
4,4,2021-03-08,17
4,4,2021-03-09,16
4,4,2021-03-10,18
4,4,2021-03-11,10
4,4,2021-03-12,19
4,4,2021-03-13,2
4,4,2021-03-14,7
4,4,2021-03-15,13
4,4,2021-03-16,0
4,4,2021-03-17,13
4,4,2021-03-18,1
4,4,2021-03-19,3
4,4,2021-03-20,18
4,4,2021-03-21,5
4,4,2021-03-22,0
4,4,2021-03-23,16
4,4,2021-03-24,7
4,4,2021-03-25,18
4,4,2021-03-26,0
4,4,2021-03-27,4
4,4,2021-03-28,15
4,4,2021-03-29,5
4,4,2021-03-30,7
4,4,2021-03-31,12
4,4,2021-04-01,15
4,4,2021-04-02,2
4,4,2021-04-03,18
4,4,2021-04-04,11
4,4,2021-04-05,15
4,4,2021-04-06,10
4,4,2021-04-07,9
4,4,2021-04-08,19
4,4,2021-04-09,3
4,4,2021-04-10,11
4,4,2021-04-11,1
4,4,2021-04-12,18
4,4,2021-04-13,4
4,4,2021-04-14,7
4,4,2021-04-15,6
4,4,2021-04-16,13
4,4,2021-04-17,2
4,4,2021-04-18,17
4,4,2021-04-19,15
4,4,2021-04-20,18
4,4,2021-04-21,18
4,4,2021-04-22,17
4,4,2021-04-23,19
4,4,2021-04-24,15
4,4,2021-04-25,7
4,4,2021-04-26,0
4,4,2021-04-27,16
4,4,2021-04-28,11
4,4,2021-04-29,10
4,4,2021-04-30,4
4,4,2021-05-01,11
4,4,2021-05-02,16
4,4,2021-05-03,5
4,4,2021-05-04,0
4,4,2021-05-05,4
4,4,2021-05-06,13
4,4,2021-05-07,4
4,4,2021-05-08,0
4,4,2021-05-09,17
4,4,2021-05-10,15
4,4,2021-05-11,8
4,4,2021-05-12,18
4,4,2021-05-13,4
4,4,2021-05-14,1
4,4,2021-05-15,14
4,4,2021-05-16,6
4,4,2021-05-17,3
4,4,2021-05-18,0
4,4,2021-05-19,12
4,4,2021-05-20,19
4,4,2021-05-21,6
4,4,2021-05-22,14
4,4,2021-05-23,13
4,4,2021-05-24,18
4,4,2021-05-25,19
4,4,2021-05-26,17
4,4,2021-05-27,9
4,4,2021-05-28,8
4,4,2021-05-29,7
4,4,2021-05-30,9
